,Athlete,Country,Gender,Discipline,First,Second,Third
0,Jain KIM,KOR,Female,Lead,30,13,13
1,Janja GARNBRET,SLO,Female,Lead,29,10,5
2,Angela EITER,AUT,Female,Lead,25,13,4
3,Anna STÖHR,AUT,Female,Boulder,22,13,10
4,Jakob SCHUBERT,AUT,Male,Lead,21,17,16
5,Ramón JULIAN PUIGBLANQUE,ESP,Male,Lead,21,14,8
6,Kilian FISCHHUBER,AUT,Male,Boulder,21,11,15
7,Alexandre CHABOT,FRA,Male,Lead,21,5,3
8,Akiyo NOGUCHI,JPN,Female,Boulder,20,20,17
9,Muriel SARKANY,BEL,Female,Lead,20,19,6
10,Mina MARKOVIC,SLO,Female,Lead,20,19,6
11,François LEGRAND,FRA,Male,Lead,17,11,3
12,Sandrine LEVET,FRA,Female,Boulder,17,5,4
13,Janja GARNBRET,SLO,Female,Boulder,17,5,0
14,Adam ONDRA,CZE,Male,Lead,16,6,1
15,Anouck JAUBERT,FRA,Female,Speed,15,6,7
16,Evgenii VAITSEKHOVSKII,RUS,Male,Speed,14,13,6
17,Robyn ERBESFIELD,USA,Female,Lead,14,10,4
18,Aleksandra MIROSLAW,POL,Female,Speed,13,4,3
19,Qixin ZHONG,CHN,Male,Speed,13,2,8
20,Iuliia KAPLINA,RUS,Female,Speed,12,12,8
21,Dmitrii SHARAFUTDINOV,RUS,Male,Boulder,12,9,2
22,Maja VIDMAR,SLO,Female,Lead,12,7,14
23,Shauna COXSEY,GBR,Female,Boulder,11,12,7
24,Liv SANSOZ,FRA,Female,Lead,11,7,5
25,Jérôme MEYER,FRA,Male,Boulder,11,5,9
26,Olena RYEPKO,UKR,Female,Speed,11,3,6
27,Natalia GROSSMAN,USA,Female,Boulder,11,3,1
28,Tomás MRÁZEK,CZE,Male,Lead,10,11,8
29,Stanislav KOKORIN,RUS,Male,Speed,10,5,4
30,Sergei SINITCYN,RUS,Male,Speed,9,13,7
31,Anna STENKOVAYA,RUS,Female,Speed,9,7,4
32,Johanna ERNST,AUT,Female,Lead,9,4,3
33,Isabelle PATISSIER,FRA,Female,Lead,8,9,5
34,Edyta ROPEK,POL,Female,Speed,8,7,7
35,Alina GAIDAMAKINA,RUS,Female,Speed,8,4,1
36,Tomoa NARASAKI,JPN,Male,Boulder,7,15,4
37,Sachi AMMA,JPN,Male,Lead,7,12,10
38,Flavio CRESPI,ITA,Male,Lead,7,5,4
39,Patxi USOBIAGA LAKUNZA,ESP,Male,Lead,6,13,6
40,Mariia KRASAVINA,RUS,Female,Speed,6,11,12
41,Yuji HIRAYAMA,JPN,Male,Lead,6,7,5
42,Olga BIBIK,RUS,Female,Boulder,6,7,5
43,Adam ONDRA,CZE,Male,Boulder,6,6,3
44,Stefano GHISOLFI,ITA,Male,Lead,6,6,3
45,Rustam GELMANOV,RUS,Male,Boulder,6,5,6
46,Romain DESGRANGES,FRA,Male,Lead,6,4,6
47,Jan HOJER,GER,Male,Boulder,6,4,2
48,Reza ALIPOUR SHENAZANDIFARD,IRI,Male,Speed,6,2,6
49,Veddriq LEONARDO,INA,Male,Speed,6,0,2
50,Libor HROZA,CZE,Male,Speed,5,12,7
51,Sandrine LEVET,FRA,Female,Lead,5,11,9
52,Alexander PESHEKHONOV,RUS,Male,Speed,5,9,3
53,Danyil BOLDYREV,UKR,Male,Speed,5,7,6
54,Valentina YURINA,RUS,Female,Speed,5,6,11
55,Chaehyun SEO,KOR,Female,Lead,5,6,5
56,Tatiana RUYGA,RUS,Female,Speed,5,6,4
57,Domen SKOFIC,SLO,Male,Lead,5,5,5
58,Susi GOOD,SUI,Female,Lead,5,4,6
59,Nanette RAYBAUD,FRA,Female,Lead,5,3,7
60,Juliette DANION,FRA,Female,Boulder,5,3,2
61,Elena CHOUMILOVA,RUS,Female,Boulder,5,3,1
62,Sorato ANRAKU,JPN,Male,Boulder,5,3,1
63,Jongwon CHON,KOR,Male,Boulder,5,2,4
64,Tomasz OLEKSY,POL,Male,Speed,5,2,1
65,Kokoro FUJII,JPN,Male,Boulder,5,1,3
66,Sorato ANRAKU,JPN,Male,Lead,5,1,2
67,David LAMA,AUT,Male,Lead,5,1,1
68,Lijuan DENG,CHN,Female,Speed,5,0,5
69,Miho NONAKA,JPN,Female,Boulder,4,10,10
70,Jorg VERHOEVEN,NED,Male,Lead,4,7,11
71,Lynn HILL,USA,Female,Lead,4,6,2
72,François PETIT,FRA,Male,Lead,4,5,7
73,Yuliya LEVOCHKINA,RUS,Female,Speed,4,4,3
74,Ai MORI,JPN,Female,Lead,4,4,2
75,Olga ZAKHAROVA,UKR,Female,Speed,4,4,1
76,Salavat RAKHMETOV,RUS,Male,Boulder,4,4,1
77,Evgeny OVCHINNIKOV,RUS,Male,Lead,4,3,3
78,Marcin DZIENSKI,POL,Male,Speed,4,3,3
79,Dmitrii TIMOFEEV,RUS,Male,Speed,4,3,1
80,Mejdi SCHALCK,FRA,Male,Boulder,4,2,2
81,Aries SUSANTI RAHAYU,INA,Female,Speed,4,2,1
82,Samuel WATSON,USA,Male,Speed,4,1,1
83,Simon NADIN,GBR,Male,Lead,4,1,1
84,Maksym STYENKOVYY,UKR,Male,Speed,4,0,6
85,Jessica PILZ,AUT,Female,Lead,3,13,7
86,Sean MCCOLL,CAN,Male,Lead,3,9,8
87,Martina CUFAR,SLO,Female,Lead,3,8,5
88,Daniel DU LAC,FRA,Male,Boulder,3,8,3
89,Anak VERHOEVEN,BEL,Female,Lead,3,7,9
90,Christian CORE,ITA,Male,Boulder,3,6,4
91,François LOMBARD,FRA,Male,Lead,3,4,4
92,Bassa MAWEM,FRA,Male,Speed,3,3,5
93,Yoshiyuki OGATA,JPN,Male,Boulder,3,3,5
94,Vladislav DEULIN,RUS,Male,Speed,3,3,4
95,Arnaud PETIT,FRA,Male,Lead,3,3,3
96,Dohyun LEE,KOR,Male,Boulder,3,3,1
97,Laurence GUYON,FRA,Female,Lead,3,3,1
98,Jakob SCHUBERT,AUT,Male,Boulder,3,2,6
99,Didier RABOUTOU,FRA,Male,Lead,3,2,2
100,Daniel ANDRADA JIMENEZ,ESP,Male,Boulder,3,2,1
101,Yiling SONG,CHN,Female,Speed,3,2,0
102,Stéphanie BODET,FRA,Female,Boulder,3,2,0
103,Aleksei RUBTSOV,RUS,Male,Boulder,3,1,10
104,Svitlana TUZHYLINA,UKR,Female,Speed,3,1,2
105,Pedro PONS,ESP,Male,Boulder,3,1,1
106,Aleksandr SHIKOV,RUS,Male,Speed,3,1,0
107,Sergey ABDRAKHMANOV,RUS,Male,Speed,3,0,3
108,Toby ROBERTS,GBR,Male,Lead,3,0,3
109,David LAMA,AUT,Male,Boulder,3,0,2
110,Jianguo LONG,CHN,Male,Speed,3,0,1
111,Oriane BERTONE,FRA,Female,Boulder,2,8,0
112,Yulia ABRAMCHUK,RUS,Female,Boulder,2,6,7
113,Sean MCCOLL,CAN,Male,Boulder,2,6,6
114,Kseniia ALEKSEEVA,RUS,Female,Speed,2,5,3
115,Guillaume GLAIRON MONDET,FRA,Male,Boulder,2,5,1
116,Magdalena RÖCK,AUT,Female,Lead,2,4,3
117,Emma HUNT,USA,Female,Speed,2,4,1
118,Cédric LACHAT,SUI,Male,Lead,2,3,10
119,Alex PUCCIO,USA,Female,Boulder,2,3,8
120,Kiromal KATIBIN,INA,Male,Speed,2,3,7
121,Olga SHALAGINA,UKR,Female,Boulder,2,3,3
122,Natalija GROS,SLO,Female,Boulder,2,3,2
123,Jernej KRUDER,SLO,Male,Boulder,2,3,1
124,Laura ROGORA,ITA,Female,Lead,2,3,0
125,Momoka ODA,JPN,Female,Lead,2,2,7
126,Juliane WURM,GER,Female,Boulder,2,2,6
127,Myriam MOTTEAU,FRA,Female,Boulder,2,2,3
128,Chloé GRAFTIAUX,BEL,Female,Boulder,2,2,2
129,Vladimir NETSVETAEV-DOLGALEV,RUS,Male,Speed,2,2,2
130,Jesse GRUPPER,USA,Male,Lead,2,2,1
131,Peng WU,CHN,Male,Speed,2,2,0
132,Alex JOHNSON,USA,Female,Boulder,2,2,0
133,Zosia PODGORBOUNSKIKH,RUS,Female,Speed,2,1,4
134,Ludovico FOSSALI,ITA,Male,Speed,2,1,3
135,Rei SUGIMOTO,JPN,Male,Boulder,2,1,2
136,Manuel ESCOBAR,VEN,Male,Speed,2,1,2
137,Tomasz OLEKSY,POL,Male,Boulder,2,1,2
138,Sascha LEHMANN,SUI,Male,Lead,2,1,1
139,Iakov SOUBBOTINE,RUS,Male,Speed,2,1,1
140,Mina MARKOVIC,SLO,Female,Boulder,2,1,0
141,Gautier SUPPER,FRA,Male,Lead,2,0,4
142,Megan MASCARENAS,USA,Female,Boulder,2,0,2
143,Jacky GODOFFE,FRA,Male,Lead,2,0,2
144,Annie SANDERS,USA,Female,Boulder,2,0,2
145,Colin DUFFY,USA,Male,Lead,2,0,2
146,Shaoqin ZHANG,CHN,Female,Speed,2,0,1
147,Sean BAILEY,USA,Male,Lead,2,0,1
148,Stephane JULIEN,FRA,Male,Boulder,2,0,1
149,Gérome POUVREAU,FRA,Male,Boulder,2,0,0
150,Alfian MUHAMMAD FAJRI,INA,Male,Speed,2,0,0
151,Erin MCNEICE,GBR,Female,Lead,2,0,0
152,Andrey VEDENMEER,UKR,Male,Speed,2,0,0
153,Caroline CIAVALDINI,FRA,Female,Lead,1,10,2
154,Natalija GROS,SLO,Female,Lead,1,7,8
155,Natalia KALUCKA,POL,Female,Speed,1,7,1
156,Alexander MEGOS,GER,Male,Lead,1,5,4
157,Taisei HOMMA,JPN,Male,Lead,1,5,1
158,Aspar JAELOLO,INA,Male,Speed,1,4,1
159,Gabriele MORONI,ITA,Male,Boulder,1,4,0
160,Jerry MOFFATT,GBR,Male,Lead,1,4,0
161,Aleksandra KALUCKA,POL,Female,Speed,1,3,5
162,Cristian BRENNA,ITA,Male,Lead,1,3,3
163,Lukasz SWIRK,POL,Male,Speed,1,3,1
164,Jean-baptiste TRIBOUT,FRA,Male,Lead,1,2,5
165,Alexandre CHAOULSKY,RUS,Male,Speed,1,2,4
166,Cuilian HE,CHN,Female,Speed,1,2,4
167,Luisa IOVANE,ITA,Female,Lead,1,2,3
168,François AUCLAIR,FRA,Male,Lead,1,2,2
169,Tsukuru HORI,JPN,Male,Boulder,1,2,2
170,Serik KAZBEKOV,UKR,Male,Boulder,1,2,2
171,Alexei GADEEV,RUS,Male,Speed,1,2,1
172,Klaudia BUCZEK,POL,Female,Speed,1,2,1
173,Katrin SEDLMAYER,GER,Female,Lead,1,2,1
174,Katharina SAURWEIN,AUT,Female,Boulder,1,2,1
175,Daniel WOODS,USA,Male,Boulder,1,2,1
176,Jinbao LONG,CHN,Male,Speed,1,2,1
177,Xinshang WANG,CHN,Male,Speed,1,2,1
178,Luka POTOCAR,SLO,Male,Lead,1,2,0
179,Keiichiro KORENAGA,JPN,Male,Lead,1,2,0
180,Olena OSTAPENKO,UKR,Female,Speed,1,2,0
181,Brooke RABOUTOU,USA,Female,Boulder,1,1,6
182,Hélène JANICOT,FRA,Female,Lead,1,1,4
183,Jain KIM,KOR,Female,Boulder,1,1,4
184,Hyunbin MIN,KOR,Male,Lead,1,1,3
185,Yaroslav GONTARYK,UKR,Male,Speed,1,1,3
186,Chloé MINORET,FRA,Female,Lead,1,1,2
187,Xiaojie CHEN,CHN,Male,Speed,1,1,2
188,Alexandra EYER,SUI,Female,Lead,1,1,2
189,Chunhua LI,CHN,Female,Speed,1,1,1
190,Nataliya PERLOVA,UKR,Female,Boulder,1,1,1
191,Mauro CALIBANI,ITA,Male,Boulder,1,1,1
192,Evgueni MINATCHEV,RUS,Male,Speed,1,1,1
193,Andreas BINDHAMMER,GER,Male,Lead,1,1,1
194,Mayya PIRATINSKAYA,RUS,Female,Speed,1,1,1
195,Evi NELIWATI,INA,Female,Speed,1,1,1
196,Emilie POUGET,FRA,Female,Lead,1,1,1
197,Sohta AMAGASA,JPN,Male,Boulder,1,1,1
198,Naïlé MEIGNAN,FRA,Female,Boulder,1,1,1
199,Satone YOSHIDA,JPN,Male,Lead,1,1,1
200,Masahiro HIGUCHI,JPN,Male,Lead,1,1,1
201,Yafei ZHOU,CHN,Female,Speed,1,1,0
202,Hiroto SHIMIZU,JPN,Male,Lead,1,1,0
203,Rajiah SALLSABILLAH,INA,Female,Speed,1,1,0
204,Ao YURIKUSA,JPN,Male,Lead,1,1,0
205,Eliska ADAMOVSKA,CZE,Female,Lead,1,1,0
206,Manuel CORNU,FRA,Male,Boulder,1,1,0
207,Arsenii SHEVCHENKO,RUS,Male,Speed,1,1,0
208,Timo PREUSSLER,GER,Male,Lead,1,1,0
209,Yevgen KRYVOSHEYTSEV,UKR,Male,Speed,1,1,0
210,Lisa RANDS,USA,Female,Boulder,1,1,0
211,Sean BAILEY,USA,Male,Boulder,1,1,0
212,Salavat RAKHMETOV,RUS,Male,Lead,1,1,0
213,Chris SHARMA,USA,Male,Lead,1,1,0
214,Cuifang HE,CHN,Female,Speed,1,1,0
215,Olga BIBIK,RUS,Female,Speed,1,1,0
216,Stéphanie BODET,FRA,Female,Lead,1,0,9
217,Sebastian HALENKE,GER,Male,Lead,1,0,3
218,Elie CHEVIEUX,SUI,Male,Lead,1,0,3
219,Eduard MARIN GARCIA,ESP,Male,Lead,1,0,2
220,Christoph FINKEL,GER,Male,Lead,1,0,2
221,Leonardo GONTERO,ITA,Male,Speed,1,0,2
222,Stéphan JULIEN,FRA,Male,Boulder,1,0,2
223,Keita WATABE,JPN,Male,Boulder,1,0,2
224,Charlotte DURIF,FRA,Female,Lead,1,0,2
225,Jonas BAUMANN,GER,Male,Boulder,1,0,2
226,Tomás MRÁZEK,CZE,Male,Boulder,1,0,2
227,Toby ROBERTS,GBR,Male,Boulder,1,0,2
228,Vita LUKAN,SLO,Female,Lead,1,0,2
229,Gregor VEZONIK,SLO,Male,Boulder,1,0,2
230,Mei KOTAKE,JPN,Female,Lead,1,0,1
231,Raharjati NURSAMSA,INA,Male,Speed,1,0,1
232,Aspar ASPAR,INA,Male,Speed,1,0,1
233,Rahmad ADI MULYONO,INA,Male,Speed,1,0,1
234,Klemen BECAN,SLO,Male,Lead,1,0,1
235,Renata PISZCZEK,POL,Female,Speed,1,0,1
236,Bernardino LAGNI,ITA,Male,Lead,1,0,1
237,Mykhaylo SHALAGIN,UKR,Male,Boulder,1,0,1
238,Ludovic LAURENCE,FRA,Male,Boulder,1,0,1
239,Alban LEVIER,FRA,Male,Boulder,1,0,1
240,Marietta UHDEN,GER,Female,Boulder,1,0,1
241,Carlos BRASCOE,ESP,Male,Lead,1,0,1
242,Malcolm SMITH,GBR,Male,Boulder,1,0,1
243,Lucelia BLANCO,VEN,Female,Speed,1,0,1
244,Liv SANSOZ,FRA,Female,Boulder,1,0,1
245,Andrew EARL,GBR,Male,Boulder,1,0,1
246,Esther BRUCKNER,FRA,Female,Speed,1,0,1
247,Rosmery DA SILVA,VEN,Female,Speed,1,0,0
248,Anatoly SKRIPOV,RUS,Male,Speed,1,0,0
249,Ludovic LAURENCE,FRA,Male,Lead,1,0,0
250,Lai-sho CHENG,HKG,Female,Speed,1,0,0
251,Mao NAKAMURA,JPN,Female,Boulder,1,0,0
252,Colin DUFFY,USA,Male,Boulder,1,0,0
253,Zento MURASHITA,JPN,Male,Lead,1,0,0
254,Marcello BOMBARDI,ITA,Male,Lead,1,0,0
255,Yannick FLOHÉ,GER,Male,Boulder,1,0,0
256,Petra KLINGLER,SUI,Female,Boulder,1,0,0
257,Katie BROWN,USA,Female,Lead,1,0,0
258,Yulia INOZEMTSEVA,RUS,Female,Speed,1,0,0
259,Alexandra BALAKIREVA,RUS,Female,Boulder,1,0,0
260,Mark CROXALL,GBR,Male,Boulder,1,0,0
261,Alex KHAZANOV,ISR,Male,Boulder,1,0,0
262,Hidemasa NISHIDA,JPN,Male,Lead,1,0,0
263,Ekaterina BARASHCHUK,RUS,Female,Speed,1,0,0
264,Guido KÖSTERMEYER,GER,Male,Lead,1,0,0
265,Leonel DE LAS SALAS,VEN,Male,Speed,1,0,0
266,Josune BERECIARTU URRUZOLA,ESP,Female,Boulder,1,0,0
267,Agung ethi HENDRAWATI,INA,Female,Speed,0,5,1
268,Akiyo NOGUCHI,JPN,Female,Lead,0,4,6
269,Melissa LE NEVE,FRA,Female,Boulder,0,4,5
270,Meichi NARASAKI,JPN,Male,Boulder,0,4,1
271,Gérome POUVREAU,FRA,Male,Lead,0,3,5
272,Fanny GIBERT,FRA,Female,Boulder,0,3,3
273,Csaba KOMONDI,HUN,Male,Speed,0,3,1
274,Severino SCASSA,ITA,Male,Lead,0,3,1
275,Hannah MEUL,GER,Female,Boulder,0,3,0
276,Christian BINDHAMMER,GER,Male,Lead,0,3,0
277,Anna TSYGANOVA,RUS,Female,Speed,0,2,6
278,Jorg VERHOEVEN,NED,Male,Boulder,0,2,5
279,Natalia GROSSMAN,USA,Female,Lead,0,2,4
280,Brooke RABOUTOU,USA,Female,Lead,0,2,3
281,Manuel ROMAIN,FRA,Male,Lead,0,2,3
282,Luca ZARDINI,ITA,Male,Lead,0,2,3
283,Desak MADE RITA KUSUMA DEWI,INA,Female,Speed,0,2,3
284,Erik NOYA CARDONA,ESP,Male,Speed,0,2,2
285,Jimin JEONG,KOR,Female,Speed,0,2,2
286,Tomoa NARASAKI,JPN,Male,Lead,0,2,2
287,Emilie ABGRALL,FRA,Female,Boulder,0,2,2
288,Chris SHARMA,USA,Male,Boulder,0,2,2
289,Dmitrii FAKIRIANOV,RUS,Male,Lead,0,2,2
290,Svetlana SUTKINA,RUS,Female,Speed,0,2,1
291,Bettina SCHÖPF,AUT,Female,Lead,0,2,1
292,Vladislav BARANOV,RUS,Male,Speed,0,2,1
293,Sam AVEZOU,FRA,Male,Lead,0,2,1
294,Maximillian MILNE,GBR,Male,Boulder,0,2,0
295,Martin STRANIK,CZE,Male,Boulder,0,2,0
296,Noah BRATSCHI,USA,Male,Speed,0,2,0
297,Zélia AVEZOU,FRA,Female,Boulder,0,2,0
298,Victoire ANDRIER,FRA,Female,Speed,0,2,0
299,Nathaniel COLEMAN,USA,Male,Boulder,0,2,0
300,Aleksandr SHILOV,RUS,Male,Speed,0,2,0
301,Olga EVSTIGNEEVA,RUS,Female,Speed,0,2,0
302,Matthias MÜLLER,SUI,Male,Boulder,0,2,0
303,Cédric LACHAT,SUI,Male,Boulder,0,2,0
304,Michaël FUSELIER,FRA,Male,Lead,0,2,0
305,Irati ANDA VILLANUEVA,ESP,Female,Lead,0,2,0
306,Natalia NOVIKOVA,RUS,Female,Speed,0,2,0
307,Yevgen KRYVOSHEYTSEV,UKR,Male,Lead,0,2,0
308,Momoka ODA,JPN,Female,Boulder,0,2,0
309,Cecile AVEZOU,FRA,Female,Boulder,0,2,0
310,Klemen BECAN,SLO,Male,Boulder,0,2,0
311,Katja VIDMAR,SLO,Female,Boulder,0,2,0
312,Sara MORANDI,ITA,Female,Speed,0,2,0
313,Erianto ROZAK,INA,Male,Speed,0,2,0
314,Ben MOON,GBR,Male,Lead,0,2,0
315,Corinne THEROUX,FRA,Female,Boulder,0,2,0
316,Corinne LABRUNE,FRA,Female,Lead,0,2,0
317,Jim KARN,USA,Male,Lead,0,2,0
318,Giulia GIAMMARCO,ITA,Female,Boulder,0,2,0
319,Alexander KOSTERIN,RUS,Male,Speed,0,1,4
320,Alberto GINÉS LÓPEZ,ESP,Male,Lead,0,1,4
321,Yuka KOBAYASHI,JPN,Female,Lead,0,1,3
322,Sylvain MILLET,FRA,Male,Lead,0,1,3
323,Elena OVTCHINNIKOVA,USA,Female,Lead,0,1,3
324,Maksym PETRENKO,UKR,Male,Lead,0,1,3
325,Katharina POSCH,AUT,Female,Lead,0,1,2
326,Elena CHOUMILOVA,RUS,Female,Lead,0,1,2
327,Serik KAZBEKOV,UKR,Male,Lead,0,1,2
328,Akito MATSUSHIMA,JPN,Male,Boulder,0,1,2
329,Maksym OSIPOV,UKR,Male,Speed,0,1,2
330,Olga OCHTCHEPKOVA,RUS,Female,Speed,0,1,2
331,Elizaveta IVANOVA,RUS,Female,Speed,0,1,2
332,Ryo OMASA,JPN,Male,Speed,0,1,2
333,Shion OMATA,JPN,Male,Lead,0,1,2
334,Camilla MORONI,ITA,Female,Boulder,0,1,1
335,Hannes VAN DUYSEN,BEL,Male,Boulder,0,1,1
336,Anze PEHARC,SLO,Male,Boulder,0,1,1
337,Yufei PAN,CHN,Male,Lead,0,1,1
338,Kostiantyn PAVLENKO,UKR,Male,Speed,0,1,1
339,Di NIU,CHN,Female,Speed,0,1,1
340,Alla MARENYCH,UKR,Female,Speed,0,1,1
341,Katharina SAURWEIN,AUT,Female,Lead,0,1,1
342,Pandu asmoro GALAR,INA,Male,Speed,0,1,1
343,Olga IAKOVLEVA,RUS,Female,Boulder,0,1,1
344,Yana MALKOVA,RUS,Female,Speed,0,1,1
345,Elena TIMOFEEVA,RUS,Female,Speed,0,1,1
346,Loïc GAIDIOZ,FRA,Male,Boulder,0,1,1
347,Gaelle GOURIOU,FRA,Female,Boulder,0,1,1
348,Olga SHALAGINA,UKR,Female,Lead,0,1,1
349,Fabien MAZUER,FRA,Male,Lead,0,1,1
350,Jindrich HUDECEK,CZE,Male,Lead,0,1,1
351,Thomas TAUPORN,GER,Male,Boulder,0,1,1
352,Sangwon SON,KOR,Male,Boulder,0,1,0
353,Pavel SAMOILINE,RUS,Male,Lead,0,1,0
354,Natalie RICHER,FRA,Female,Lead,0,1,0
355,Tanja BAUER,GER,Female,Boulder,0,1,0
356,Frédéric TUSCAN,FRA,Male,Boulder,0,1,0
357,Stefan GLOWACZ,GER,Male,Lead,0,1,0
358,Damien JEANDENAND,FRA,Male,Boulder,0,1,0
359,Christian SCHLESENER,GER,Male,Speed,0,1,0
360,Salavat RAKHMETOV,RUS,Male,Speed,0,1,0
361,Minoru NAKANO,JPN,Male,Lead,0,1,0
362,Daniel WINKLER,SUI,Male,Lead,0,1,0
363,Mathilde BRUMAGNE,BEL,Female,Lead,0,1,0
364,Elena OVTCHINNIKOVA,USA,Female,Speed,0,1,0
365,Daniel ANDRADA JIMENEZ,ESP,Male,Speed,0,1,0
366,Monika RETSCHY,GER,Female,Boulder,0,1,0
367,Sari AGUSTINA,INA,Female,Speed,0,1,0
368,Chaehyun SEO,KOR,Female,Boulder,0,1,0
369,Agathe CALLIET,FRA,Female,Boulder,0,1,0
370,Jennifer Eucharia BUCKLEY,SLO,Female,Boulder,0,1,0
371,Zach HAMMER,USA,Male,Speed,0,1,0
372,Amir MAIMURATOV,KAZ,Male,Speed,0,1,0
373,Tobias PLANGGER,AUT,Male,Speed,0,1,0
374,Zhilu LUO,CHN,Female,Lead,0,1,0
375,Dohyun LEE,KOR,Male,Lead,0,1,0
376,Neo SUZUKI,JPN,Male,Lead,0,1,0
377,Max BERTONE,FRA,Male,Lead,0,1,0
378,Hryhorii ILCHYSHYN,UKR,Male,Speed,0,1,0
379,Jingjie HUANG,CHN,Male,Speed,0,1,0
380,Yuetong ZHANG,CHN,Female,Lead,0,1,0
381,Michael PICCOLRUAZ,ITA,Male,Boulder,0,1,0
382,Rishat KHAIBULLIN,KAZ,Male,Speed,0,1,0
383,Liang ZHANG,CHN,Male,Speed,0,1,0
384,Lauren LEE,USA,Female,Boulder,0,1,0
385,Charlotte DURIF,FRA,Female,Boulder,0,1,0
386,Francis RODRIGUEZ,VEN,Female,Speed,0,1,0
387,François PETIT,FRA,Male,Boulder,0,1,0
388,Hetai MA,CHN,Male,Speed,0,1,0
389,Tatsuya MURAOKA,JPN,Male,Boulder,0,1,0
390,Nonoha KUME,JPN,Female,Lead,0,1,0
391,Anne-sophie KOLLER,SUI,Female,Lead,0,1,0
392,Sabri SABRI,INA,Male,Speed,0,1,0
393,Ashima SHIRAISHI,USA,Female,Lead,0,1,0
394,Lev RUDATSKIY,RUS,Male,Speed,0,1,0
395,Kai HARADA,JPN,Male,Lead,0,1,0
396,Kai HARADA,JPN,Male,Boulder,0,1,0
397,Yuhang ZHANG,CHN,Male,Speed,0,1,0
398,Ning ZHANG,CHN,Male,Speed,0,1,0
399,Remi SAMYN,FRA,Male,Boulder,0,1,0
400,Annie SANDERS,USA,Female,Lead,0,0,3
401,Stasa GEJO,SRB,Female,Boulder,0,0,3
402,Yana CHERESHNEVA,RUS,Female,Lead,0,0,3
403,David CAUDE,FRA,Male,Lead,0,0,3
404,Marietta UHDEN,GER,Female,Lead,0,0,3
405,Vladimir ZAKHAROV,UKR,Male,Speed,0,0,3
406,Natalia TITOVA,RUS,Female,Speed,0,0,3
407,Robert CORTIJO,FRA,Male,Lead,0,0,2
408,Vera KOTASOVA-KOSTRUHOVA,CZE,Female,Boulder,0,0,2
409,Stella MARCHISIO,ITA,Female,Boulder,0,0,2
410,Magnus MIDTBOE,NOR,Male,Lead,0,0,2
411,Jenny LAVARDA,ITA,Female,Boulder,0,0,2
412,Erin MCNEICE,GBR,Female,Boulder,0,0,2
413,Patrycja CHUDZIAK,POL,Female,Speed,0,0,2
414,Natsuki TANII,JPN,Female,Lead,0,0,2
415,Martin STRANIK,CZE,Male,Lead,0,0,2
416,Zhilu LUO,CHN,Female,Boulder,0,0,2
417,Yuyun YUNIAR,INA,Female,Speed,0,0,2
418,Maja STREMFELJ,SLO,Female,Lead,0,0,2
419,Angela STRIECKS,GER,Female,Lead,0,0,1
420,Marina KLEONOVA,RUS,Female,Speed,0,0,1
421,Susan WINKLER,GER,Female,Speed,0,0,1
422,Kseniya POLEKHINA,RUS,Female,Speed,0,0,1
423,Valeriy VOROBYEV,RUS,Male,Speed,0,0,1
424,Victor KOZLOV,RUS,Male,Boulder,0,0,1
425,Isabelle BIHR,FRA,Female,Boulder,0,0,1
426,Claire BELL,GBR,Female,Boulder,0,0,1
427,Guangpu LI,CHN,Male,Speed,0,0,1
428,Stanislav KLESHNOV,UKR,Male,Boulder,0,0,1
429,Galina TERENTEVA,RUS,Female,Speed,0,0,1
430,Jennifer COLE,USA,Female,Lead,0,0,1
431,Venera CHERESHNEVA,RUS,Female,Speed,0,0,1
432,Ben MOON,GBR,Male,Speed,0,0,1
433,Thomas JOANNES,FRA,Male,Lead,0,0,1
434,Max RUDIGIER,AUT,Male,Lead,0,0,1
435,Elma FLEURET,FRA,Female,Speed,0,0,1
436,Alessandro SANTONI,ITA,Male,Speed,0,0,1
437,Jenny LAVARDA,ITA,Female,Lead,0,0,1
438,Yuki HADA,JPN,Male,Lead,0,0,1
439,Olga BIBIK,RUS,Female,Lead,0,0,1
440,Lucka FRANKO,SLO,Female,Lead,0,0,1
441,Emily HARRINGTON,USA,Female,Lead,0,0,1
442,Iwona GRONKIEWICZ-MARCISZ,POL,Female,Lead,0,0,1
443,Annatina SCHULTZ,SUI,Female,Lead,0,0,1
444,Nataliya PERLOVA,UKR,Female,Speed,0,0,1
445,Paul DEWILDE,FRA,Male,Lead,0,0,1
446,Aljosa GROM,SLO,Male,Lead,0,0,1
447,Simon WANDELER,SUI,Male,Lead,0,0,1
448,Alexei KOZLOV,RUS,Male,Speed,0,0,1
449,Silvie RAJFOVA,CZE,Female,Boulder,0,0,1
450,Tatiana SHEMULINKINA,RUS,Female,Boulder,0,0,1
451,Nalle HUKKATAIVAL,FIN,Male,Boulder,0,0,1
452,Hiroshi OKANO,JPN,Male,Boulder,0,0,1
453,Anna GALLYAMOVA,RUS,Female,Boulder,0,0,1
454,Francois KAISER,FRA,Male,Boulder,0,0,1
455,Lukas ENNEMOSER,AUT,Male,Boulder,0,0,1
456,Jeremy BONDER,FRA,Male,Boulder,0,0,1
457,Paul ROBINSON,USA,Male,Boulder,0,0,1
458,Keita MOGAKI,JPN,Male,Boulder,0,0,1
459,Julien MERAL,FRA,Male,Boulder,0,0,1
460,Puji LESTARI,INA,Female,Speed,0,0,1
461,Sufriyanto RINDI,INA,Male,Speed,0,0,1
462,Angela EITER,AUT,Female,Boulder,0,0,1
463,Alexandra EYER,SUI,Female,Boulder,0,0,1
464,Nicola SARTORI,ITA,Male,Lead,0,0,1
465,Patxi AROCENA,ESP,Male,Lead,0,0,1
466,Marie GUILLET,FRA,Female,Lead,0,0,1
467,Iwona GRONKIEWICZ-MARCISZ,POL,Female,Boulder,0,0,1
468,Agnès BRARD,FRA,Female,Lead,0,0,1
469,Timmy FAIRFIELD,CAN,Male,Boulder,0,0,1
470,Alexandre CHABOT,FRA,Male,Boulder,0,0,1
471,Delphine MARTIN,FRA,Female,Boulder,0,0,1
472,Keita MOGAKI,JPN,Male,Lead,0,0,1
473,Fanny ROGEAUX,FRA,Female,Boulder,0,0,1
474,Marat SADYROV,RUS,Male,Speed,0,0,1
475,Oleksandr SALIMOV,UKR,Male,Speed,0,0,1
476,Denis OMELTCHENKO,RUS,Male,Speed,0,0,1
477,Stephan HILGERS,GER,Male,Speed,0,0,1
478,Ian VICKERS,GBR,Male,Lead,0,0,1
479,Lucka RAKOVEC,SLO,Female,Lead,0,0,1
480,Hanwool KIM,KOR,Male,Lead,0,0,1
481,Jan KRIZ,CZE,Male,Speed,0,0,1
482,Tomoaki TAKATA,JPN,Male,Boulder,0,0,1
483,Fedir SAMOILOV,UKR,Male,Lead,0,0,1
484,Rei KAWAMATA,JPN,Male,Boulder,0,0,1
485,Taisei ISHIMATSU,JPN,Male,Boulder,0,0,1
486,Dinara FAKHRITDINOVA,RUS,Female,Lead,0,0,1
487,Hannah SCHUBERT,AUT,Female,Lead,0,0,1
488,Ekaterina KIPRIIANOVA,RUS,Female,Boulder,0,0,1
489,Miho NONAKA,JPN,Female,Speed,0,0,1
490,Thomas TAUPORN,GER,Male,Lead,0,0,1
491,Xuhua PAN,CHN,Female,Speed,0,0,1
492,Barbara BACHER,AUT,Female,Lead,0,0,1
493,Alizée DUFRAISSE,FRA,Female,Lead,0,0,1
494,Gareth PARRY,GBR,Male,Boulder,0,0,1
495,Angelica LIND,SWE,Female,Boulder,0,0,1
496,Anja HODANN,SWE,Female,Boulder,0,0,1
497,Sergey RUKIN,RUS,Male,Speed,0,0,1
498,Catherine DESTIVELLE,FRA,Female,Lead,0,0,1
499,Ron KAUK,USA,Male,Lead,0,0,1
500,Evgeny OVCHINNIKOV,RUS,Male,Boulder,0,0,1
501,Annatina SCHULTZ,SUI,Female,Boulder,0,0,1
502,Galar pandu ASMORO,INA,Male,Speed,0,0,1
503,Ai MORI,JPN,Female,Boulder,0,0,1
504,Oceania MACKENZIE,AUS,Female,Boulder,0,0,1
505,Andrea KÜMIN,SUI,Female,Boulder,0,0,1
506,Anon MATSUFUJI,JPN,Female,Boulder,0,0,1
507,Melody SEKIKAWA,JPN,Female,Boulder,0,0,1
508,Samuel RICHARD,FRA,Male,Boulder,0,0,1
509,Kevin AMON,AUT,Male,Speed,0,0,1
510,Sam AVEZOU,FRA,Male,Boulder,0,0,1
511,Paul JENFT,FRA,Male,Boulder,0,0,1
512,Mia KRAMPL,SLO,Female,Lead,0,0,1
513,Mattea PÖTZI,AUT,Female,Lead,0,0,1
514,Yannick FLOHÉ,GER,Male,Lead,0,0,1
515,Adi Asih KADEK,INA,Female,Speed,0,0,1
516,Shengyan WANG,CHN,Female,Speed,0,0,1
517,Nurul IQAMAH,INA,Female,Speed,0,0,1
518,Long CAO,CHN,Male,Speed,0,0,1
519,Manon HILY,FRA,Female,Lead,0,0,1
520,Fanny GIBERT,FRA,Female,Lead,0,0,1
521,Molly THOMPSON-SMITH,GBR,Female,Lead,0,0,1
522,Shuta TANAKA,JPN,Male,Lead,0,0,1
523,Aleksandra TOTKOVA,BUL,Female,Lead,0,0,1
524,Julia CHANOURDIE,FRA,Female,Lead,0,0,1
525,Flavy COHAUT,FRA,Female,Boulder,0,0,1
526,Jessica PILZ,AUT,Female,Boulder,0,0,1
527,Mia KRAMPL,SLO,Female,Boulder,0,0,1
