,Athlete,Country,NumWCups
1,Ramón JULIAN PUIGBLANQUE,Spain,129
2,Romain DESGRANGES,France,117
3,Jakob SCHUBERT (Current),Austria,86
4,Luca ZARDINI,Italy,86
5,Stefano GHISOLFI (Current),Italy,82
6,Domen SKOFIC,Slovenia,75
7,Matej SOVA,Slovenia,73
8,Marcello BOMBARDI (Current),Italy,71
9,Jorg VERHOEVEN,Netherlands,70
10,Sylvain MILLET,France,70
11,Klemen BECAN,Slovenia,68
12,Flavio CRESPI,Italy,68
13,Christian BINDHAMMER,Germany,68
14,Sean MCCOLL (Current),Canada,67
15,Tomás MRÁZEK,Czechia,66
16,Patxi USOBIAGA LAKUNZA,Spain,65
17,Andreas BINDHAMMER,Germany,65
18,Jürgen REIS,Austria,63
19,Christoph HANKE (Current),Germany,62
20,Sebastian HALENKE (Current),Germany,61
21,Mario LECHNER,Austria,61
22,Mikhail CHERNIKOV,Russia,61
23,Gautier SUPPER,France,59
24,Cristian BRENNA,Italy,59
25,Magnus MIDTBOE,Norway,58
26,Sachi AMMA,Japan,57
27,David CAUDE,France,57
28,Evgeny OVCHINNIKOV,Russia,57
29,François LEGRAND,France,57
30,Masahiro HIGUCHI (Current),Japan,55
31,Manuel ROMAIN,France,54
32,Hyunbin MIN (Current),Republic of Korea,53
33,Luca GIUPPONI,Italy,53
34,François PETIT,France,53
35,Martin BERGANT (Current),Slovenia,52
36,Loïc TIMMERMANS,Belgium,52
37,Cédric LACHAT,Switzerland,52
38,Max RUDIGIER,Austria,51
39,Francesco VETTORATA,Italy,49
40,Michaël FUSELIER,France,49
41,Yuji HIRAYAMA,Japan,49
42,Sascha LEHMANN (Current),Switzerland,46
43,Fabien DUGIT,France,46
44,Alexandre CHABOT,France,44
45,Hannes PUMAN (Current),Sweden,43
46,Tomaz VALJAVEC,Slovenia,43
47,Alberto GNERRO,Italy,42
48,Aljosa GROM,Slovenia,42
49,Eduard MARIN GARCIA,Spain,42
50,Nicolas COLLIN (Current),Belgium,41
51,Adam ONDRA (Current),Czechia,41
52,Igor GUSAK,Ukraine,41
53,Yevgen KRYVOSHEYTSEV,Ukraine,41
54,Thomas TAUPORN,Germany,40
55,Maksym PETRENKO,Ukraine,40
56,Jabee KIM,Republic of Korea,40
57,Javier CANO BLAZQUEZ,Spain,38
58,Milan PRESKAR (Current),Slovenia,37
59,Elan JONASMCRAE,Canada,37
60,Thomas JOANNES,France,37
61,Urban PRIMOZIC,Slovenia,37
62,Vadim VINOKUR,United States of America,37
63,Bernardino LAGNI,Italy,36
64,Thomas BALLET,France,36
65,Hanwool KIM (Current),Republic of Korea,35
66,Arnaud PETIT,France,35
67,Gérome POUVREAU,France,35
68,Elie CHEVIEUX,Switzerland,35
69,Taisei HOMMA (Current),Japan,34
70,Martin STRANIK (Current),Czechia,34
71,Luka POTOCAR (Current),Slovenia,33
72,Sean BAILEY (Current),United States of America,33
73,Fedir SAMOILOV,Ukraine,33
74,Sangwon SON,Republic of Korea,33
75,Tomas BINTER,Czechia,33
76,Salavat RAKHMETOV,Russia,33
77,Martin JAGGI,Switzerland,32
78,Serik KAZBEKOV,Ukraine,32
79,François AUCLAIR,France,32
80,Reinhard FICHTINGER,Austria,32
81,Casper TEN SIJTHOFF,Netherlands,32
82,James POPE (Current),United Kingdom,31
83,Dimitri VOGT (Current),Switzerland,31
84,Martin TEKLES,Germany,31
85,Simon WANDELER,Switzerland,31
86,Akito MATSUSHIMA,Japan,31
87,Jean-baptiste TRIBOUT,France,31
88,François LOMBARD,France,31
89,Campbell HARRISON (Current),Australia,30
90,Patxi AROCENA,Spain,30
91,Yannick FLOHÉ (Current),Germany,29
92,David LAMA,Austria,29
93,Stefano ALIPPI,Italy,29
94,Stefan FÜRST,Austria,29
95,Filip SCHENK (Current),Italy,28
96,Yoshiyuki OGATA (Current),Japan,28
97,Jan HOJER,Germany,28
98,Daniel WINKLER,Switzerland,28
99,Hidekazu ITO,Japan,28
100,Ivan KAUROV,Russia,28
101,Philipp MARTIN (Current),Germany,27
102,Paul DEWILDE,France,27
103,Satone YOSHIDA (Current),Japan,26
104,Stefan SCHERZ (Current),Austria,26
105,Simon LORENZI (Current),Belgium,26
106,Nao MONCHOIS (Current),France,26
107,Alexander MEGOS (Current),Germany,26
108,Frederic SARKANY,Belgium,26
109,Kokoro FUJII (Current),Japan,25
110,Yuki HADA,Japan,25
111,Flavien GUERIMAND,France,25
112,Marco antonio JUBES ANGARITA,Spain,25
113,Peter BOSMA,Sweden,25
114,Lukas KÖB,Austria,25
115,Ian VICKERS,United Kingdom,25
116,Yuval SHEMLA (Current),Israel,24
117,Mikel Asier LINACISORO MOLINA (Current),Spain,24
118,Mathias POSCH (Current),Austria,24
119,Minoru NAKANO,Japan,24
120,Kilian FISCHHUBER,Austria,24
121,Jaha KIM,Republic of Korea,24
122,Nino GRÜNENFELDER (Current),Switzerland,23
123,Jihwan PARK,Republic of Korea,23
124,Keiichiro KORENAGA,Japan,23
125,César ciudad MANZANEDO,Spain,23
126,Timo PREUSSLER,Germany,23
127,Franci JENSTERLE,Slovenia,23
128,Frédéric COROLLER,France,23
129,Kazuma WATANABE,Japan,22
130,Matthias SCHIESTL,Austria,22
131,Charli BLEIN,France,22
132,Stephane DUGIT,France,22
133,Marek HAVLIK,Czechia,22
134,David VILLIEN,France,22
135,Jure BECAN,Slovenia,22
136,Jesse GRUPPER (Current),United States of America,21
137,Yufei PAN (Current),China,21
138,Ao YURIKUSA (Current),Japan,21
139,Georg PARMA,Austria,21
140,Victor ESTELLER OCAÑA,Spain,21
141,Bernhard RÖCK,Austria,21
142,Markus HOPPE,Germany,21
143,Vili GUCEK,Slovenia,21
144,Pavel SAMOILINE,Russia,21
145,Alberto GINÉS LÓPEZ (Current),Spain,20
146,Sam AVEZOU (Current),France,20
147,Or WECHSLER,Israel,20
148,Sébastien BERTHE,Belgium,20
149,Daniel ANDRADA JIMENEZ,Spain,20
150,Martin FELIX,Switzerland,20
151,Jure RAZTRESEN,Slovenia,20
152,Klaus BÜCHELE,Germany,20
153,Jean paul FINNE,Belgium,20
154,Dohyun LEE (Current),Republic of Korea,19
155,Victor BAUDRAND (Current),Canada,19
156,Chi-Fung AU (Current),"China, Hong Kong Special Administrative Region",19
157,Arsène DUVAL (Current),France,19
158,Oscar BAUDRAND (Current),Canada,19
159,Michael PICCOLRUAZ (Current),Italy,19
160,Jernej KRUDER (Current),Slovenia,19
161,Alberto GOTTA,Italy,19
162,Tomas RAVANAL,Chile,19
163,Cesar GROSSO,Brazil,19
164,Tomasz OLEKSY,Poland,19
165,Andrej CHRASTINA,Slovakia,19
166,Pavel KORAN,Czechia,19
167,Elko SCHELLINGERHOUT,Netherlands,19
168,Iouri DOULOUB,Russia,19
169,François COFFY,France,19
170,Magnus HÖGSTRÖM,Sweden,19
171,Christopher CUBITT,United Kingdom,19
172,Cheung-Chi Shoji CHAN (Current),"China, Hong Kong Special Administrative Region",18
173,Jonas UTELLI (Current),Switzerland,18
174,Jongwon CHON (Current),Republic of Korea,18
175,Stephane HANSSENS,Belgium,18
176,Ruben FIRNENBURG,Germany,18
177,Evgenii ZAZULIN,Russia,18
178,Matej MEJOVSEK,Slovenia,18
179,Christoph BUCHER,Germany,18
180,Kairat RAKHMETOV,Kazakhstan,18
181,Txema GOMEZ,Spain,18
182,Severino SCASSA,Italy,18
183,Mykhayil TKACHUK,Ukraine,18
184,Valeriy KRYUKOV,Ukraine,18
185,Simon POTUCEK (Current),Czechia,17
186,Giorgio TOMATIS (Current),Italy,17
187,Tomoa NARASAKI (Current),Japan,17
188,Haibin QU,China,17
189,William BOSI,United Kingdom,17
190,Jakub KONECNY,Czechia,17
191,Martin JECH,Czechia,17
192,Emmanuel LOPEZ,France,17
193,Mauricio HUERTA,Mexico,17
194,Jurij GOLOB,Slovenia,17
195,Luka ZAZVONIL,Slovenia,17
196,David FIRNENBURG,Germany,17
197,Pablo BARBERO ALFONSO,Spain,17
198,Vincent ALBRAND,France,17
199,Doug ENGLEKIRK,United States of America,17
200,Frédéric NICOLE,Switzerland,17
201,Alexei TCHERTOV,Russia,17
202,Juraj REPCIK,Slovakia,17
203,Milan BENIAN,Czechia,17
204,Hugo PARMENTIER (Current),France,16
205,Santiago DE ALBA FLORES (Current),Mexico,16
206,Hamish MCARTHUR (Current),United Kingdom,16
207,Dmitrii FAKIRIANOV,Russia,16
208,Donato LELLA,Italy,16
209,Neil CARSON,United Kingdom,16
210,Thomas ACHERMANN,Switzerland,16
211,Arman TER-MINASYAN,Russia,16
212,Ondrej SVUB,Slovakia,16
213,Takaaki TSUIKI,Japan,16
214,Christian CORE,Italy,16
215,Felipe HO FOGANHOLO (Current),Brazil,15
216,Naoki SHIMATANI,Japan,15
217,Seungwoon CHO,Republic of Korea,15
218,Kevin HUSER,Switzerland,15
219,Romain PAGNOUX,France,15
220,Yannick LEGRAND,France,15
221,Serguei NOURMAMATOV,Russia,15
222,Serguei CHEMOULINKINE,Russia,15
223,Eric LOPEZ MATEOS,Spain,15
224,Franz KRAKENBERGER,Switzerland,15
225,Naoto HAKAMADA,Japan,15
226,Florian HAGE,Germany,15
227,Tony RYAN,United Kingdom,15
228,Anton PACEK,Slovakia,15
229,Fabien COMINA,France,15
230,Mathieu GALLOT-LAVALLEE,France,15
231,Christoph FINKEL,Germany,15
232,Shinichiro NOMURA,Japan,15
233,Shion OMATA (Current),Japan,14
234,Giovanni PLACCI (Current),Italy,14
235,Hiroto SHIMIZU (Current),Japan,14
236,Shuta TANAKA (Current),Japan,14
237,Nimrod MARCUS (Current),Israel,14
238,Paul JENFT (Current),France,14
239,Mark BRAND (Current),Netherlands,14
240,Anze PEHARC (Current),Slovenia,14
241,Kai HARADA,Japan,14
242,Stefano CARNATI,Italy,14
243,Fabrizio DROETTO,Italy,14
244,Ivaylo KRASTEV,Bulgaria,14
245,Milen VIDENOVSKI,Bulgaria,14
246,Kalin GARBOV,Bulgaria,14
247,Fabien MAZUER,France,14
248,Remy BERGASSE,France,14
249,Guido KÖSTERMEYER,Germany,14
250,Urs SCHÖNENBERGER,Switzerland,14
251,Filip BABICZ,Italy,14
252,Filip BABICZ,Poland,14
253,Pedro PONS,Spain,14
254,Daniel DU LAC,France,13
255,Ionel ENE,Romania,13
256,Felipe CAMARGO,Brazil,13
257,Colin DUFFY (Current),United States of America,13
258,David BARRANS,United Kingdom,13
259,Qinghua WANG,China,13
260,Yiftach KUSHNIR,Israel,13
261,Zida MA,China,13
262,Maël BONZOM,France,13
263,Mark AMANN,Austria,13
264,Anthony SAPEY,Switzerland,13
265,Marcin WROBEL,Poland,13
266,Adrian BAXTER,United Kingdom,13
267,Shinta OZAWA,Japan,13
268,Erik CARLSSON,Sweden,13
269,Vincent DE GIROLAMO,France,13
270,Keita MOGAKI,Japan,13
271,Roman FELIX,Switzerland,13
272,Yves PHILIPONA,Switzerland,13
273,Sorato ANRAKU (Current),Japan,12
274,Jules MARCHALAND (Current),France,12
275,Adrien LEMAIRE (Current),France,12
276,Louis GUNDOLF (Current),Austria,12
277,Hidemasa NISHIDA,Japan,12
278,Obed HARDMEIER,Switzerland,12
279,Aurélien CULVER,France,12
280,Gabor SZEKELY,Hungary,12
281,Andreas PFANNER,Austria,12
282,Josh LEVIN,United States of America,12
283,Stefan BEDNAR,Slovakia,12
284,Tatsumi NITTA,Japan,12
285,Martin MOBRÅTEN,Norway,12
286,Cody ROTH,United States of America,12
287,Nicola SARTORI,Italy,12
288,Didier RABOUTOU,France,12
289,Stefan GLOWACZ,Germany,12
290,Jacky GODOFFE,France,12
291,Pascal GISLER,Switzerland,12
292,Diego martín MARSELLA,Argentina,12
293,Markus JUNG,Germany,12
294,Ka-wai CHU,"China, Hong Kong Special Administrative Region",11
295,Nicky DE LEEUW,Netherlands,11
296,Mikhail GOGOL,Russia,11
297,Daniel MORENO DE LOS HUERTO,Spain,11
298,Ties VANCRAEYNEST (Current),Belgium,11
299,Toby ROBERTS (Current),United Kingdom,11
300,Meichi NARASAKI (Current),Japan,11
301,André NERES (Current),Portugal,11
302,Leto CAVÉ,Netherlands,11
303,Vladislav SHEVCHENKO,Russia,11
304,Benoit HEINTZ,France,11
305,André BEREZOSKI,Brazil,11
306,Arnaud CEINTRE,France,11
307,Maciej DOBRZANSKI,Poland,11
308,Masaki SHIBATA,Japan,11
309,Nicola DE MATTIA,Italy,11
310,Sergei SHAFEROV,Belarus,11
311,Scott FRANKLIN,United States of America,11
312,Jim KARN,United States of America,11
313,Davide ZAVAGNIN,Italy,11
314,Riccardo SCARIAN,Italy,11
315,Werner THON,Germany,11
316,Silvio REFFO,Italy,11
317,Michael LEA,United Kingdom,11
318,Mejdi SCHALCK (Current),France,10
319,Leo AVEZOU (Current),France,10
320,Benjamin VARGAS (Current),Chile,10
321,Nikolay RUSEV (Current),Bulgaria,10
322,Benjamin AYALA (Current),Chile,10
323,Fredrik SERLACHIUS (Current),Sweden,10
324,Tomas PLEVKO (Current),Slovakia,10
325,Alistair DUVAL,France,10
326,Kai LIGHTNER,United States of America,10
327,Dai KOYAMADA,Japan,10
328,Seolbin SIM,Republic of Korea,10
329,Jiacuo SUOLANG,China,10
330,Blaz RANT,Slovenia,10
331,Johan MUS,Belgium,10
332,Phillipe MUSSATTO,France,10
333,Jean CABARET,France,10
334,Jakub HLAVACEK,Czechia,10
335,Mikhail KOCHETKOV,Russia,10
336,Tim REUSER,Netherlands,10
337,Mykhaylo SHALAGIN,Ukraine,10
338,Günther UNTERRAINER,Austria,10
339,Anton MARDASHOV,Ukraine,10
340,Sergej EPIH,Slovenia,10
341,Ludovic LAURENCE,France,10
342,Marcin WSZOLEK,Poland,10
343,Stefan DANKER,Germany,10
344,Daisuke KONISHI,Japan,10
345,Aleksei SHCHERVIANIN,Russia,10
346,Jae-yong LEE,Republic of Korea,10
347,Roland WAGNER,Austria,9
348,Felix NEUMÄRKER,Germany,9
349,John ARRAN,United Kingdom,9
350,Yannick NAGEL (Current),Germany,9
351,Raviandi RAMADHAN (Current),Indonesia,9
352,Hannes VAN DUYSEN (Current),Belgium,9
353,Rodrigo IASI HANADA (Current),Brazil,9
354,Nathaniel COLEMAN (Current),United States of America,9
355,Ka-chun YAU (Current),"China, Hong Kong Special Administrative Region",9
356,Stepan VOLF,Czechia,9
357,Or MINIELY,Israel,9
358,Martin KUHNEL,United States of America,9
359,Àlex HERNÁNDEZ CASTILLA,Spain,9
360,Anatole BOSIO,France,9
361,Olivier HEQUIN,France,9
362,Thomas SCHMID,Switzerland,9
363,Andrey VEDENMEER,Ukraine,9
364,Said BELHAJ,Sweden,9
365,Gareth PARRY,United Kingdom,9
366,Rudolph RUANA,United States of America,9
367,John BROSLER (Current),United States of America,9
368,Hongil KIM,Republic of Korea,9
369,Igor KOLLAR,Slovakia,9
370,Johnny SCHELKER,Switzerland,9
371,Ben MOON,United Kingdom,9
372,Alexander ADLER,Germany,9
373,Michael TIMMERMANS,Belgium,9
374,Philippe STEULET,Switzerland,9
375,Tadej SLABE,Slovenia,9
376,Serge BLEIN,France,9
377,Luigi BILLORO,Italy,9
378,Sergei BYDTAEV,Russia,9
379,Cédric LO PICCOLO,France,9
380,Yuriy DZYUBYAK,Ukraine,9
381,Mauro CALIBANI,Italy,9
382,Ravianto RAMADHAN (Current),Indonesia,8
383,Auswin AUEAREECHIT (Current),Thailand,8
384,Yongchen CHEN (Current),China,8
385,Joaquin URRUTIA (Current),Chile,8
386,Kindar MCNAMEE (Current),Canada,8
387,Zento MURASHITA (Current),Japan,8
388,Maximillian MILNE (Current),United Kingdom,8
389,Guy MCNAMEE (Current),Canada,8
390,Ross FULKERSON (Current),United States of America,8
391,Slav KIROV (Current),Bulgaria,8
392,Benjamin HANNA (Current),United States of America,8
393,Mateus RODRIGUES BELLOTTO (Current),Brazil,8
394,Jinbin HUANG (Current),China,8
395,Zan LOVENJAK SUDAR (Current),Slovenia,8
396,Nathan MARTIN (Current),Luxembourg,8
397,Nathan MARTIN (Current),France,8
398,Gregor VEZONIK (Current),Slovenia,8
399,Romaric GEFFROY (Current),France,8
400,Jeremy BONDER (Current),France,8
401,Hritik MARNE (Current),India,8
402,Alex KHAZANOV (Current),Israel,8
403,Diego FOURBET,France,8
404,Fabian FÖRANDER,Sweden,8
405,Sean FAULKNER,Canada,8
406,Julien CLÉMENCE (Current),Switzerland,8
407,Taito NAKAGAMI,Japan,8
408,Ziga ZAJC,Slovenia,8
409,Dylan CHUAT,Switzerland,8
410,Timothy KANG,United States of America,8
411,Sven LEMPEREUR,Belgium,8
412,Changzhong LIU,China,8
413,Xiangyang YE,China,8
414,Kaya OTAKA,Japan,8
415,Nathan SMITH,Canada,8
416,Gabriel JOSSERON,France,8
417,Kevin AGLAE,France,8
418,Matteo GAMBARO,Italy,8
419,Urh CEHOVIN,Slovenia,8
420,Luc DAURES,France,8
421,Carlos GRANJA (Current),Ecuador,8
422,Jonatan FLOR VAZQUEZ,Spain,8
423,Vojtech TROJAN,Czechia,8
424,Yeu-shiang CHANG,Taiwan,8
425,Jurgen LIS,Belgium,8
426,Robert MATE,Germany,8
427,Tobias GARTMANN,Germany,8
428,Bernabe FERNANDEZ,Spain,8
429,Faycal NATECH,France,8
430,Tomoaki TAKATA (Current),Japan,8
431,Dave CUTHBERTSON,United Kingdom,8
432,Erik JACOBS,Netherlands,8
433,Yann GHESQUIERS,France,8
434,Robert CORTIJO,France,8
435,Hans MILEWSKI,Austria,8
436,Stefan BÖSCHENSTEIN,Switzerland,8
437,Truong NGO,Netherlands,8
438,Eirik birkelund OLSEN,Norway,8
439,Malcolm SMITH,United Kingdom,8
440,Vladimir JOURKIN,Russia,8
441,Rasmus NORGAARD,Denmark,8
442,Hee-jo KIM,Republic of Korea,8
443,Timo TAK,Netherlands,8
444,Rongwu CAO,China,8
445,Pavlo VEKLA,Ukraine,8
446,Kyu-bog CHO,Republic of Korea,7
447,Simon NADIN,United Kingdom,7
448,Kurt DE BOECK,Belgium,7
449,Roman VAN DER WERF,Netherlands,7
450,Jérôme DE BOECK,Belgium,7
451,Sergey TERENTYEV,Russia,7
452,Diego luis GONZÁLEZ,Mexico,7
453,Kyle MURDOCH,Canada,7
454,Izidor ZUPAN,Slovenia,7
455,Antoine KAUFFMANN,Belgium,7
456,Alexander SHOPRIN,Russia,7
457,Lovro CREP (Current),Slovenia,7
458,Musauwir MUSAUWIR (Current),Indonesia,7
459,Darius RÂPĂ (Current),Romania,7
460,Neo SUZUKI (Current),Japan,7
461,Max BERTONE (Current),France,7
462,Kibeom KWON (Current),Republic of Korea,7
463,Johannes HOFHERR (Current),Austria,7
464,Dimitri FLICK (Current),Switzerland,7
465,Peter KURIC (Current),Slovakia,7
466,Nimród Sebestyén TUSNÁDY  (Current),Hungary,7
467,Mickael MAWEM (Current),France,7
468,Nicolai UZNIK (Current),Austria,7
469,Giorgio BENDAZZOLI (Current),Italy,7
470,William RIDAL,United Kingdom,7
471,Leo ketil BØE,Norway,7
472,Max KLEESATTEL (Current),Germany,7
473,Aleksei RUBTSOV,Russia,7
474,Nikolai IARILOVETS,Russia,7
475,Hiroki TSUNODA,Japan,7
476,Matthew WELLINGTON,Canada,7
477,Remo SOMMER,Switzerland,7
478,Michal CIENCALA,Czechia,7
479,Rolf fredrik SERLACHIUS,Sweden,7
480,Tanguy TOPIN,France,7
481,Wanne LIBOT,Belgium,7
482,Jan fredrick PRYTZ,Norway,7
483,Matthias SCHMIDL,Italy,7
484,Andre BOROWKA,Germany,7
485,Jacek JURKOWSKI,Poland,7
486,Samuel BIE,France,7
487,Jindrich HUDECEK,Czechia,7
488,Michael FADINGER,Austria,7
489,Mark DELAFIELD,United Kingdom,7
490,Oleg TCHERECHNEV,Russia,7
491,Andrea GALLO,Italy,7
492,Stian CHRISTOPHERSEN,Norway,7
493,Marek REPCIK,Slovakia,7
494,Tomi NYTORP,Finland,7
495,Matthias TROTTMANN,Switzerland,7
496,Aleksandr SHIKOV,Russia,7
497,Geir SÖDERIN,Sweden,7
498,Alexander KALINA,Russia,7
499,Muhammad RIZKY SYAHRAFLI SIMATUPANG (Current),Indonesia,6
500,Luke GOH WEN BIN (Current),Singapore,6
501,Yunchan SONG (Current),Republic of Korea,6
502,Yuta IMAIZUMI (Current),Japan,6
503,Lucas DUFROS (Current),France,6
504,Jordi POLES (Current),France,6
505,Shinyeong YUN (Current),Republic of Korea,6
506,Stepan POTUCEK (Current),Czechia,6
507,Alex WATERHOUSE,United Kingdom,6
508,Jakub ZIETEK (Current),Poland,6
509,Anthony GULLSTEN,Finland,6
510,Ronny ESCOBAR,Chile,6
511,Rishat KHAIBULLIN (Current),Kazakhstan,6
512,Ludovico FOSSALI (Current),Italy,6
513,Benjamin BLASER,Switzerland,6
514,Oliver MARX,South Africa,6
515,Bittor ESPARTA FRADE,Spain,6
516,Rustam GELMANOV,Russia,6
517,Clement VERNAISON,France,6
518,Amri AMRI,Indonesia,6
519,Piotr SCHAB,Poland,6
520,Daisuke KASAHARA,Japan,6
521,Diego LAMPUGNANI,Switzerland,6
522,Christian SORDO,Italy,6
523,Sören ANDERSEN,Denmark,6
524,Rei SUGIMOTO (Current),Japan,6
525,Stefan ADRIAN,Romania,6
526,Marc IVORRA,France,6
527,Kevin WILSON,Canada,6
528,Hannes RIESER,Austria,6
529,Glenn SUTCLIFFE,United Kingdom,6
530,Guy DIXON,United Kingdom,6
531,Atsushi SAGA,Japan,6
532,Adam LIANA,Poland,6
533,Erik GRANDELIUS,Sweden,6
534,Matevz PINTAR,Slovenia,6
535,Chi-wai LOK,"China, Hong Kong Special Administrative Region",6
536,Thomas FEUERSTEIN,Austria,6
537,Fernando MARTINEZ,Spain,6
538,Mario KUESS,Austria,6
539,Nicolas FAVRESSE,Belgium,6
540,Jakob heber NORUM,Norway,6
541,Andrzej MARCISZ,Poland,6
542,Josef SCHWAIGER,Austria,6
543,Luyuan CAI,China,6
544,Timmy FAIRFIELD,Canada,6
545,Jaroslav MLYNAR,Czechia,6
546,Will GADD,Canada,6
547,Carlos BRASCOE,Spain,6
548,Reinaldo CAMACHO,Venezuela (Bolivarian Republic of),6
549,Andrey SHAGIN,Russia,6
550,Sungbo SEO (Current),Republic of Korea,6
551,Manuel CORETTI,Italy,6
552,Piotr BUNSCH,Poland,6
553,Fabrice LANDRY,France,6
554,Chi-wai LAI,"China, Hong Kong Special Administrative Region",6
555,David CARRETERO PEREZ,Spain,6
556,Martin DECKER,Germany,6
557,Dmitrii SHARAFUTDINOV,Russia,6
558,Mark BAKER,Australia,6
559,Mikhail PEKAREV,Russia,6
560,Damien JANDENAND,France,5
561,Massimo BRUSEGHINI,Italy,5
562,Thomas NEYER,Austria,5
563,Hafzanizam BOKHARI,Malaysia,5
564,Dirk MOL,Netherlands,5
565,Noé BERGER,Luxembourg,5
566,Jan KARES,Czechia,5
567,Jung-jun SON,Republic of Korea,5
568,Jerry MOFFATT,United Kingdom,5
569,Metin MUSSOV,Bulgaria,5
570,Sergio VERDASCO URIZAL,Spain,5
571,Alessandro ZENI,Italy,5
572,Kevin HEINIGER,Switzerland,5
573,Sakae NAKAHARA,Japan,5
574,Aristomenes THANOPOULOS,Greece,5
575,Anze STREMFELJ,Slovenia,5
576,Konstantin SAVELYEV,Russia,5
577,Jan ZIMA,Czechia,5
578,Rafael CABANE,France,5
579,Martin IDEGREN,Sweden,5
580,Hira VERICK,Australia,5
581,Keiichi USHIZAWA,Japan,5
582,Alfian MUHAMMAD,Indonesia,5
583,Aspar JAELOLO,Indonesia,5
584,Qun Tao KE (Current),Malaysia,5
585,Samuel BUTTERWORTH (Current),United Kingdom,5
586,Hugo HOYER (Current),United States of America,5
587,Junzhe HU (Current),China,5
588,Mel JANSE VAN RENSBURG (Current),South Africa,5
589,Zach GALLA (Current),United States of America,5
590,Fatchur ROJI,Indonesia,5
591,Sungsu LEE (Current),Republic of Korea,5
592,Christian WAGNER (Current),Chile,5
593,Thilo jeldrik SCHRÖTER (Current),Norway,5
594,Minyoung LEE (Current),Republic of Korea,5
595,Sergio PASTOR MARTÍNEZ,Spain,5
596,Nathan MICHEL,France,5
597,Adrien TRIBOUT,France,5
598,Jakub DVORAK,Czechia,5
599,Remo LEHMANN,Switzerland,5
600,Alessandro FIORI,Italy,5
601,Anderson GOUVEIA,Brazil,5
602,Enrico SANGANAS,Germany,5
603,Jérôme MEYER,France,5
604,Lukasz MÜLLER,Poland,5
605,Keita DOHI,Japan,5
606,Marco MÜLLER,Switzerland,5
607,Lucas UCHIDA,Canada,5
608,Jerome GONZÁLEZ GUTIÉRREZ,Spain,5
609,Ludovic LEFEVRE,France,5
610,Changfeng QU,China,5
611,Marcin DZIENSKI (Current),Poland,5
612,Radim NOSEK,Czechia,5
613,Roberto COLONETTI,Italy,5
614,Shane MESSER,United States of America,5
615,Christian ROUMEGOUX,France,5
616,Lionel CLAY,New Zealand,5
617,Kazutoshi OGATA,Japan,5
618,Kristoffer LINDBÄCK,Sweden,5
619,Danny VALENCIA,Ecuador,5
620,Jan KRIZ (Current),Czechia,5
621,Emilio RIOS,Chile,5
622,Kelly WILSON,Canada,5
623,Connor BYRNE,United Kingdom,5
624,Juha SAATSI,Finland,5
625,Matthias MÜLLER,Switzerland,5
626,Dong-sik KIM,Republic of Korea,5
627,Baptiste BRIAND,France,5
628,Martino ISCHIA,Italy,5
629,Rudi MORODER,Italy,5
630,Scott MILTON,Canada,5
631,David STEPANJAN,Slovenia,5
632,Miha SKOF,Slovenia,5
633,Steve MC CLURE,United Kingdom,5
634,Garth MILLER,Australia,5
635,Declan OSGOOD (Current),United States of America,4
636,Lukas MOKROLUSKY (Current),Czechia,4
637,Jan STIPEK (Current),Czechia,4
638,Jinwei YAO (Current),China,4
639,Edvards GRUZITIS (Current),Latvia,4
640,Dylan PARKS (Current),Australia,4
641,Jack MACDOUGALL (Current),United Kingdom,4
642,Guillermo PEINADO FRANGANILLO (Current),Spain,4
643,Mototaka ISHIZU (Current),Japan,4
644,Alexey PANFILOV (Current),Kazakhstan,4
645,Timo UZNIK (Current),Austria,4
646,Michail VOLYRAKIS (Current),Greece,4
647,Illia BAKHMET-SMOLENSKYI (Current),Ukraine,4
648,Michael O'NEILL (Current),Ireland,4
649,Haruki UEMURA (Current),Japan,4
650,Diego LEQUERICA BUSCAGLIA (Current),Peru,4
651,Dillon COUNTRYMAN (Current),United States of America,4
652,José alejandro SAUCEDA RODRÍGUEZ (Current),Mexico,4
653,Jan-Luca POSCH (Current),Austria,4
654,Lautaro nicolás SORIA SANCHEZ (Current),Argentina,4
655,Bautista GREGORINI (Current),Argentina,4
656,Gabriele MORONI (Current),Italy,4
657,Artyom DEVYATERIKOV (Current),Kazakhstan,4
658,Joe GOODACRE,United States of America,4
659,Muhammad ferza fernada ABDI,Indonesia,4
660,Muhammad ramzi FIRMANSYAH,Indonesia,4
661,Man-hei CHUNG,"China, Hong Kong Special Administrative Region",4
662,Denis ZHENDINSKIY,Kazakhstan,4
663,Tsz-kiu LAU,"China, Hong Kong Special Administrative Region",4
664,Kim MARSCHNER,Germany,4
665,Sohta AMAGASA (Current),Japan,4
666,Philipp GEISENHOFF,Switzerland,4
667,Ellis ERNSBERGER (Current),United States of America,4
668,Leonid OSADCHYI,Ukraine,4
669,Andoni ESPARTA FRADE,Spain,4
670,Benisaac TRESCO,United States of America,4
671,Iñaki ARANTZAMENDI IRUETA,Spain,4
672,Rolf -martin BJØRNGAARD,Norway,4
673,Catalin PETRESCU,Romania,4
674,Václav MALINA,Czechia,4
675,Philipp MAGIN,Germany,4
676,Luis felix PEREZ,Spain,4
677,Kevin HEMUND,Switzerland,4
678,Dmitri MUNOZ,France,4
679,Maxi KLAUS,Germany,4
680,Miklos KOVACS,Hungary,4
681,Tomas LUNDGREN,Sweden,4
682,Alexander MEIKL,Austria,4
683,Kimura SHINSUKE,Japan,4
684,Galo HERNANDEZ,Ecuador,4
685,Martin KLEMSA,Czechia,4
686,Manuel CORNU (Current),France,4
687,Teun KEUSTERS,Netherlands,4
688,Christoph HUBER,Austria,4
689,Mike DOYLE,Canada,4
690,Xianghua DING,China,4
691,Lei ZHAO,China,4
692,Tomoki USAMI,Japan,4
693,Nick SELLARS,United Kingdom,4
694,Alexander SISINTSEV,Russia,4
695,David LAURENT,France,4
696,Thomas FICKERT,Germany,4
697,Werner HOFMANS,Belgium,4
698,Myong-hak KIM,Republic of Korea,4
699,Ferdinand SCHULTE,Netherlands,4
700,Mikhail UMNITSYN,Russia,4
701,Luke DAWSON,United Kingdom,4
702,Moritz WALDLEBEN,Switzerland,4
703,Gregorz GROCHAL,Poland,4
704,Ivan LISICA,Croatia,4
705,Giacomo COMINOTTI,Italy,4
706,Alexei ZEMSKI,Russia,4
707,Csaba KOMONDI,Hungary,4
708,Alban LEVIER,France,4
709,Jean OURIQUES,Brazil,4
710,Jacques WELTER,Luxembourg,4
711,Tomas SEDLACEK,Czechia,4
712,Michael SCHLOTTER,Germany,4
713,Igor SOLOVEY,Ukraine,4
714,Sandro DEUTSCHMANN,Austria,4
715,Denis PAIL,Czechia,4
716,Ilija RISTOVSKI,The former Yugoslav Republic of Macedonia,4
717,Chris SHARMA,United States of America,4
718,Paal benum REITEN,Norway,4
719,Adrian BERRY,United Kingdom,4
720,Kristoffer kvamme THORBJOERNSEN,Norway,4
721,Marek LEITMAN,Slovakia,4
722,Edward HAMER,United Kingdom,4
723,Arnould T'KINT,Belgium,4
724,Raphael CABANE,France,4
725,Carlos GARCIA BELLO,Spain,4
726,Gerhard HÖRHAGER,Austria,4
727,Carlos BRASCO,Spain,4
728,Dennis DIAZ,Philippines,4
729,Bondan KARTIKO,Indonesia,4
730,Johan GROSS,Sweden,4
731,Mathieu BOUYOUD,France,4
732,Alan CASSIDY,United Kingdom,4
733,Gerard RULL FLORES,Spain,4
734,Sebastian ZASADZKI,Poland,4
735,Peter KMOSKO,Slovakia,4
736,Martin REIMERS,Norway,4
737,Janos NAGY,Hungary,4
738,Ilfir KHAKIMIANOV,Russia,4
739,Clément CHABAUD,France,4
740,Michal ROZEK,Czechia,4
741,Marcel TOMAN,Czechia,4
742,Jinyu PAN,China,4
743,Qixin ZHONG,China,4
744,Esteban EGUEZ,Ecuador,4
745,Alfons DORNAUER,Austria,4
746,Stanislav POPLAVSKIY,Russia,4
747,Mathieu DUTRAY,France,4
748,Hakon HANSEN,Norway,4
749,Chris FOSSLI,Norway,4
750,David SATANEK,Slovakia,4
751,Vladimir ZAKHAROV,Ukraine,4
752,Zidan STANKO,Slovenia,4
753,Dalibor MURAN,Czechia,4
754,Oleksandr ZILINSKIY,Ukraine,4
755,Daniel JUNG,Germany,3
756,Alexandre KOVALEVSKJ,Russia,3
757,José ABREU,Portugal,3
758,John henry NILSSEN,Norway,3
759,Reto HARTMANN,Switzerland,3
760,Marius ONIGA,Romania,3
761,Ivica MATKOVIC,Croatia,3
762,Hee yong PARK,Republic of Korea,3
763,Khairul hafiz ABU HASSAN,Malaysia,3
764,Yen-yi WU,Taiwan,3
765,Arman SALADA,Philippines,3
766,Janghyuk KIM,Republic of Korea,3
767,Byung tae KIM,Republic of Korea,3
768,Kuei chi PENG,Taiwan,3
769,Jonathan THOMAS,Belgium,3
770,Jake BRESNEHAN,Australia,3
771,Tihomir KATHAUNOV,Bulgaria,3
772,Andy DAVIES,South Africa,3
773,Kurt SMITH,United States of America,3
774,Juri LISSOVOI,Russia,3
775,Peter THALLER,Austria,3
776,Evan WIERCX,South Africa,3
777,Matthias RUH,Switzerland,3
778,Romain BUSETTA,France,3
779,Patrick EDLINGER,France,3
780,Tomasz SAMITOWSKI,Poland,3
781,Richard WAGNER,Slovakia,3
782,Jean-minh TRINH-THIEU,France,3
783,Noah RIDGE,United States of America,3
784,Tino LOIS,Spain,3
785,Wolfgang WIDDER,Germany,3
786,Gyula DOZSA,Hungary,3
787,Marcin BARTOCHA,Poland,3
788,Semen CHESNOKOV,Russia,3
789,Lorenzo CARASIO,Italy,3
790,Yury TAKZHANOV,Russia,3
791,Clemens EICHINGER,Austria,3
792,Martin HANSLMAYR,Austria,3
793,Jj MAH,Canada,3
794,"Kien seong, francis LOW",Malaysia,3
795,Vsevolod ILINYKH,Russia,3
796,Yi-de LIU,Taiwan,3
797,David OBERPRANTACHER,Italy,3
798,Andres PAZMINO,Ecuador,3
799,Federico ANDREOLI,Italy,3
800,Kevin ARC,France,3
801,Oleg BOULAVKO,Russia,3
802,Ales STROJAN,Slovenia,3
803,Miguel angel HERNANDEZ MEDINA,Mexico,3
804,Geoffray DE FLAUGERGUES,France,3
805,Geoff WEIGAND,Australia,3
806,Kamil FERENC,Poland,3
807,Romain CABESSUT,France,3
808,Kristian CLEMMOW,United Kingdom,3
809,Richárd BOZSIK,Hungary,3
810,Grzgorz KIMLA,Poland,3
811,Hans FLORINE,United States of America,3
812,Stuart a. CAMERON,United Kingdom,3
813,Dong-hyun KIM,Republic of Korea,3
814,Benjamin PIRAPREZ,Belgium,3
815,Rafael OLIVARES,Venezuela (Bolivarian Republic of),3
816,Manuel ESCOBAR,Venezuela (Bolivarian Republic of),3
817,Robert CASPERSEN,Norway,3
818,Robert LEBRETON,Australia,3
819,Simón PADIN,Argentina,3
820,Blagovest LAZAROV,Bulgaria,3
821,Stewart WATSON,United Kingdom,3
822,Takehiko YAMAZAKI,Japan,3
823,Chih-En FAN (Current),Taiwan,3
824,Hyunseung NOH (Current),Republic of Korea,3
825,Tzu-Yu CHOU (Current),Taiwan,3
826,Joonha SHIN (Current),Republic of Korea,3
827,Felix MADER (Current),Austria,3
828,Dylan SOIN (Current),Australia,3
829,Max DINGER (Current),Germany,3
830,Radin FOROUGHIAN (Current),Iran (Islamic Republic of),3
831,Nathan SATO (Current),United States of America,3
832,Seyedmohammadzaniar EBRAHIMI (Current),Iran (Islamic Republic of),3
833,Joseph WALMSLEY (Current),United Kingdom,3
834,Matthaios VALSAMIDIS (Current),Greece,3
835,Joseph XIBERRAS (Current),United Kingdom,3
836,Gholamali BARATZADEH (Current),Iran (Islamic Republic of),3
837,Minsung HAN (Current),Republic of Korea,3
838,Gianstefano DI NINO (Current),Venezuela (Bolivarian Republic of),3
839,Luis CASTELLANOS (Current),Venezuela (Bolivarian Republic of),3
840,Chingkheinganba MAIBAM (Current),India,3
841,Jachym CINK (Current),Czechia,3
842,Julian WIMMER (Current),Austria,3
843,Kieran FORREST,United Kingdom,3
844,Cheuk-Nam WONG (Current),"China, Hong Kong Special Administrative Region",3
845,Joshua BRUYNS (Current),South Africa,3
846,Emil ABRAHAMSSON,Sweden,3
847,Vasil VASSILEV,Bulgaria,3
848,Ram LEVIN (Current),Israel,3
849,Yotam BEN REUVEN (Current),Israel,3
850,Gergő VÁLYI,Hungary,3
851,Ben ABEL,Australia,3
852,Vaidotas MONSTAVICIUS (Current),Lithuania,3
853,Paul BRAND (Current),Netherlands,3
854,Jonas BRANDENBURGER,Germany,3
855,Sergei LUZHETSKII,Russia,3
856,Tsun-ting IP,"China, Hong Kong Special Administrative Region",3
857,Francesco BOSCO,Italy,3
858,Rahul SAPRA,Canada,3
859,Rafet serkan ERCAN,Turkey,3
860,Michaël LECOMTE,Belgium,3
861,Ethan PRINGLE,United States of America,3
862,Timo LAUTENSCHLÄGER,Germany,3
863,Arpad CSEKO,Hungary,3
864,Istvan MARTINCZAK,Hungary,3
865,Florian KLINGLER,Austria,3
866,Zul fadzli SHAFIEE,Malaysia,3
867,Alexey MOLCHANOV,Kazakhstan,3
868,Jau shiuan HUNG,Taiwan,3
869,Johannes HELD,Austria,3
870,Aidan DOYLE,Canada,3
871,Matthew SEGAL,United States of America,3
872,Martin HAMMERER,Austria,3
873,Thomas CALEYRON,France,3
874,Oliver TALON,France,3
875,Myeongsu KIM,Republic of Korea,3
876,Kai FUJINO,Japan,3
877,Mateusz KILARSKI,Poland,3
878,Takuma NUMAJIRI,Japan,3
879,Dmitrii FAKIRYANOV,Russia,3
880,Christopher COSSER (Current),South Africa,3
881,Guillaume GLAIRON MONDET,France,3
882,Arthur GIORGETTI,France,3
883,Konrad BUCHAUER,Austria,3
884,Stéphane POUSSARDIN,France,3
885,Piotr KORCZAK,Poland,3
886,Reinhard SCHIRL,Austria,3
887,Yoshihiko TERASHIMA,Japan,3
888,Heinz GUT,Switzerland,3
889,Motomu TSUGE,Japan,3
890,Colin LANTZ,United States of America,3
891,Dan SCORTEA,Romania,3
892,Marko ROZMAN,Croatia,3
893,Frédéric TUSCAN,France,3
894,Julien LOSTE,France,3
895,Davoud REKABI,Iran (Islamic Republic of),3
896,Pedro ferreira NICOLOSO,Brazil,3
897,Nickolaie RIVADENEIRA,Ecuador,3
898,Jason HOLOWACH,Canada,3
899,Pietro BIAGINI (Current),Italy,3
900,François DREYFUS,France,3
901,Lars HOFFMANN,Germany,3
902,Christian SCHLESENER,Germany,3
903,Philippe LELOUP,Belgium,3
904,Thomas KNOCHE,Germany,3
905,Jure BORNSEK,Slovenia,3
906,Matic KOZMUS,Slovenia,3
907,Justin HAWKINS,South Africa,3
908,Chris BLOCH,United States of America,3
909,Tommy CALDWELL,United States of America,3
910,Ricardo OTEGUI ZUBIYAGA,Spain,3
911,Frédéric NOE,France,3
912,Rhys CONLON (Current),United Kingdom,2
913,Putra TRI RAMADANI (Current),Indonesia,2
914,James JENKINS (Current),United Kingdom,2
915,Sergey LAKHNO (Current),United States of America,2
916,Victor GUILLERMIN (Current),France,2
917,Ian TAN (Current),Canada,2
918,Taher ALHADDAD (Current),Saudi Arabia,2
919,Azat MAIKOTOV (Current),Kazakhstan,2
920,Nima SANGZHU (Current),China,2
921,Guoqing NI (Current),China,2
922,Geva LEVIN (Current),Israel,2
923,Gorazd JUREKOVIC (Current),Slovenia,2
924,Jair Octavio MORENO MONTOYA (Current),Mexico,2
925,Seungchan CHOI (Current),Republic of Korea,2
926,Elliot ERIKSSON (Current),Sweden,2
927,Albin MEYER (Current),Sweden,2
928,Samuel Carlos DA SILVA (Current),Brazil,2
929,William FLORES (Current),Puerto Rico,2
930,Dante CABALLERO (Current),Chile,2
931,Calrin CURTIS (Current),South Africa,2
932,Per RAVLO-CASPERSEN (Current),Norway,2
933,Timotej ROMŠAK (Current),Slovenia,2
934,Gustavo CUNHA (Current),Portugal,2
935,Arno LUYPAERT (Current),Belgium,2
936,Davide marco COLOMBO (Current),Italy,2
937,Luca MALOSTI (Current),Italy,2
938,Reza KOLASANGIAN (Current),Iran (Islamic Republic of),2
939,Daniel alejandro MERINO ORDÓÑEZ (Current),Honduras,2
940,Matej MARKOV (Current),The former Yugoslav Republic of Macedonia,2
941,Guðmundur freyr ARNARSON (Current),Iceland,2
942,Hector LOPEZ VALDEZ (Current),Mexico,2
943,Marcelo ignacio VARGAS CLAROS (Current),El Salvador,2
944,Pheaktra SAMBATH (Current),Cambodia,2
945,Thor VILLEGAS GARCÍA (Current),Mexico,2
946,Roman SIVAKOV (Current),Lithuania,2
947,Jovan IVANOV (Current),The former Yugoslav Republic of Macedonia,2
948,Sunghoon PARK,Republic of Korea,2
949,Christoph SCHWEIGER,Germany,2
950,Igor VESELIC,Serbia,2
951,Matic KOTAR (Current),Slovenia,2
952,Joshua MENNELL,Australia,2
953,Charlie OSBORNE,United States of America,2
954,Hualong SONG,China,2
955,Eneko CARRETERO CRUZ (Current),Spain,2
956,Attila zsombor RADICS,Hungary,2
957,Axel LINDFORS (Current),Finland,2
958,Orfeas TSIAOUSIS (Current),Greece,2
959,Mikael SUIHKONEN,Finland,2
960,Benjamin HAIDACHER,Austria,2
961,Roman BATSENKO,Ukraine,2
962,Theofanis-ermis THEOCHAROPOULOS,Greece,2
963,Andrej POLAK,Slovenia,2
964,Jan VOPAT,Czechia,2
965,Lluc MACIÀ LLOBET,Spain,2
966,Jáchym CINK,Czechia,2
967,Guillem MONSECH GASCA,Spain,2
968,Bohdan BOTNAR,Ukraine,2
969,Love  ymer ALBER,Sweden,2
970,Vadim TIMONOV,Russia,2
971,Zhaxi BIANBA,China,2
972,Hei-yeung LAM,"China, Hong Kong Special Administrative Region",2
973,Nathan PRICE,United States of America,2
974,Igor ARANAZ,Spain,2
975,Iakov SOUBBOTINE,Russia,2
976,Edison kicho SHIMABUKURO JR.,Brazil,2
977,Helmut BECKER,Brazil,2
978,Harda YOSUKE,Japan,2
979,Jörg ANDREAS,Germany,2
980,Szymon PECIKIEWICZ,Poland,2
981,Tom GAUQUELIN,France,2
982,Sergii TOPISHKO,Ukraine,2
983,Indra YOGASWARA,Indonesia,2
984,Huda wardana AKBAR,Indonesia,2
985,Paul BROUARD,South Africa,2
986,Jiun-jie TZENG,Taiwan,2
987,Nathan CLAIR,France,2
988,Facundo LANGBEHN,Chile,2
989,Wan Jae JO,Republic of Korea,2
990,Brandon BARRACLOUGH,Canada,2
991,César sempere VENDRELL,Spain,2
992,Donggun LEE,Republic of Korea,2
993,Yuzuru IIDA,Japan,2
994,Winai RUANGRIT,Thailand,2
995,Damien YOU,France,2
996,Olivier FRENETTE,Canada,2
997,Andrew SWANN,United Kingdom,2
998,Miyuki TAZUSHI,Japan,2
999,Gheorghe VITITIU,Romania,2
1000,Christian GRIFFITH,United States of America,2
1001,Antoine PECHER,France,2
1002,Tom O'HALLORAN,Australia,2
1003,Bassa MAWEM (Current),France,2
1004,Nicolas BADIA,France,2
1005,Nicolas NASTROG,France,2
1006,Marko LUKIC,Slovenia,2
1007,Tomas PILKA,Czechia,2
1008,Michael MATLSCHWAIGER,Austria,2
1009,Pavol ZAUSKA,Slovakia,2
1010,Rene GUTMAN,Austria,2
1011,Dan ARCHAMBAULT,Canada,2
1012,Richard BINGHAM,United Kingdom,2
1013,Stefan PETTERSON,Sweden,2
1014,Yannick BERGER,France,2
1015,Radovah SOUCEK,Czechia,2
1016,Moritz HANS,Germany,2
1017,Zeb CRIJNS,Netherlands,2
1018,Diego SIRTORI,Italy,2
1019,Gaurav KUMAR,India,2
1020,Heiko WILHELM,Austria,2
1021,Zdenek RESCH,Czechia,2
1022,Arthur GUINET,France,2
1023,Nikita DEVYATERIKOV,Kazakhstan,2
1024,Hjarrand JULSRUD,Norway,2
1025,Markus DORFLEITNER,Germany,2
1026,Peter SCHÄFFLER,Austria,2
1027,Luka ZAPLOTNIK,Slovenia,2
1028,Stefano GHIDINI,Italy,2
1029,Bosse SÄTTARE,Sweden,2
1030,Takuya TAKEDA,Japan,2
1031,Vadim MALSHCHUKOV,Russia,2
1032,Klemen NOVAK,Slovenia,2
1033,Pavel MENTLIK,Czechia,2
1034,Martin SCHWEIZER,Switzerland,2
1035,Rok KLANCNIK,Slovenia,2
1036,Nicolas JANUEL,France,2
1037,Hiroshi OKANO,Japan,2
1038,Henri PÖYRY,Finland,2
1039,Tony MITCHELL,United Kingdom,2
1040,Stephane JULIEN,France,2
1041,Nicolas LE GALL,France,2
1042,Bostjan POTOCNIK,Slovenia,2
1043,Emanuel MOOSBURGER,Austria,2
1044,Francois LOMBARD,France,2
1045,Paul BOBOC,Romania,2
1046,Zakariaya MASDARI,Malaysia,2
1047,Zulkarnaen YUSUF,Indonesia,2
1048,Hardianto PONTI,Indonesia,2
1049,Aldwin IBANEZ,Philippines,2
1050,Ri-long XIN,China,2
1051,Nicolas FARCY,Belgium,2
1052,Sam VANDEN DRIESSCHE,Belgium,2
1053,Charlelie BARCZA,Belgium,2
1054,Patrik DABERTO,Italy,2
1055,Jivko DRUMEV,Bulgaria,2
1056,Won-suk CHUN,Republic of Korea,2
1057,Vasil KIROV,Bulgaria,2
1058,Frank SAETRE,Norway,2
1059,Florent BREYSSE,France,2
1060,Drew HAIGH,United Kingdom,2
1061,Dichong HUANG,China,2
1062,Ciprian CHELARIN,Romania,2
1063,Peter HORNING,Netherlands,2
1064,Alex JOHNSON,United States of America,2
1065,Owen GRAHAM,United States of America,2
1066,Carlo TRAVERSI,United States of America,2
1067,Leopoldo FARIA,Portugal,2
1068,Dave HOLODILOFF,United States of America,2
1069,Dirk VERVOORT,Belgium,2
1070,Kristof DEDECKER,Belgium,2
1071,Luke TILLEY,United Kingdom,2
1072,Gotzon GARDEAZABAL,Spain,2
1073,Wouter JONGENEELEN,Netherlands,2
1074,Evgenii KALASHNIKOV,Russia,2
1075,Leonardo GONTERO,Italy,2
1076,Xiaolong LU,China,2
1077,Chao-chun CHENG,Taiwan,2
1078,Patrick COENEN,Netherlands,2
1079,Mathias SCHIESTL,Austria,2
1080,Lowie LAMBERECHTS,Belgium,2
1081,Francis BILODEAU,Canada,2
1082,Wesley BLACK,South Africa,2
1083,Mark LEACH,United Kingdom,2
1084,Vasya VOROTNIKOV,United States of America,2
1085,Dmitrii BYCHKOV,Russia,2
1086,Anthony LAMICHE,France,2
1087,Daniel KADLEC,Czechia,2
1088,Aron URBANICS,Hungary,2
1089,Jesse OFFNER,New Zealand,2
1090,Mark PUGH-WILLIAMS,New Zealand,2
1091,Changhyon LEE,Republic of Korea,2
1092,Jacopo LARCHER,Italy,2
1093,Tomas midtun TOBIASSEN,Norway,2
1094,Kuo-wei HUANG,Taiwan,2
1095,Tsukuru HORI,Japan,2
1096,Martin FOJTIK,Czechia,2
1097,H. c. KARTHIK,India,2
1098,Chun-ming JOU,Taiwan,2
1099,Ronald MAMARIMBING,Indonesia,2
1100,Christian FEISTMANTL,Austria,2
1101,Dae yeob KIM,Republic of Korea,2
1102,José luis PALAO PEINADO,Spain,2
1103,Alistair EARLEY,Australia,2
1104,Ryo INOUE,Japan,2
1105,Yury NOVITSKIY,Russia,2
1106,Andres QUINTEROS,Ecuador,2
1107,Thibaut MAURON,Switzerland,2
1108,Evgeni ZVONNAREV,Kazakhstan,2
1109,Serguei CHICHKINE,Kazakhstan,2
1110,Alexandr PAUKAEV,Ukraine,2
1111,Pavel DEMIN,Russia,2
1112,Santiago SCHMIDT,Argentina,2
1113,Santiago CHRISTENSEN,Argentina,2
1114,Katleho POBE,South Africa,2
1115,Laszlo STROMMER,Hungary,2
1116,Tomislav HABULIN,Croatia,2
1117,Carl SELLMAN,Sweden,2
1118,Fabrice FARA,France,2
1119,Pascal HUBLET,Belgium,2
1120,Sebastian PRIETO PERILLA,Colombia,2
1121,Guy SHAFIR,Israel,2
1122,Alon REINER,Israel,2
1123,Hugo BERNARD-BRUNEL,France,2
1124,Dale GODDARD,United States of America,2
1125,Ugur YILMAZ,Turkey,2
1126,Robin GRAY,Germany,2
1127,Aleksey PEROV,Kazakhstan,2
1128,Frederic BONNET,Australia,2
1129,Thøger VILSTRUP,Denmark,2
1130,Giorgi KOMAKHIKZE,Georgia,2
1131,Valeri FERADZE,Georgia,2
1132,Jiri LAUTNER,Czechia,2
1133,Pavel CHUDINOV,Russia,2
1134,Takeshi ITO,Japan,2
1135,Putra kahir NURMANSYAH,Indonesia,2
1136,Yannick PASQUAZZO,Belgium,2
1137,Sergei SINITCYN,Russia,2
1138,Raphael FERNANDEZ,Belgium,2
1139,Nenco DUNEV,Bulgaria,2
1140,Miroslav PIALA,Slovakia,2
1141,Šimon POTŮČEK,Czechia,2
1142,Tomoki MUSHA,Japan,2
1143,Ioannis THEOHAROPOULOS,Greece,2
1144,Filip SOBOT,Croatia,2
1145,Ralph BRUNEL,Italy,2
1146,Peter GOMERSALL,United Kingdom,2
1147,Jae kyung YOU,Republic of Korea,2
1148,Jean luc DANIS,France,2
1149,John CRONIN,United States of America,2
1150,Jason CAMPBEL,United States of America,2
1151,Soso KATSITADZE,Georgia,2
1152,Gorka KARAPETO ARRUE,Spain,2
1153,Rae-kyung PARK,Republic of Korea,2
1154,Aidar AKBEROV,Russia,2
1155,Alexander DEULIN,Russia,2
1156,Vladimir BEREZOVSKY,Russia,2
1157,Matej SVUB,Slovakia,2
1158,Lukasz DUDEK,Poland,2
1159,Gregor SELAK,Slovenia,2
1160,Milos STOSIC,Serbia,2
1161,Lee COSSEY,Australia,2
1162,Joshua DAMASCO,Australia,2
1163,Lasa TEMI,Indonesia,2
1164,Louis DEBRULLE,Belgium,2
1165,Gaëtan MASSONNET,Switzerland,2
1166,Kire SERAFIMOVSKI,The former Yugoslav Republic of Macedonia,2
1167,Siebe VANHEE,Belgium,2
1168,Teppei USHIRO,Japan,2
1169,Remi SAMYN,France,2
1170,Kostiantyn PAVLENKO (Current),Ukraine,2
1171,Seungbeom LEE (Current),Republic of Korea,2
1172,Jose Maria ALJARO,Chile,2
1173,Julien LAINE,France,2
1174,Mathias CONRAD,Germany,2
1175,Mohammad JAFARI MAHMOUDABADI,Iran (Islamic Republic of),2
1176,Alan CAMERON-DUFF,United Kingdom,2
1177,Brage BIRKELUND OLSEN,Norway,2
1178,Friedemann WALTHER,Germany,2
1179,Min woo CHAE,Republic of Korea,2
1180,Simon h. SANDOVAL,Philippines,2
1181,Diego TAPIA,Chile,2
1182,Petr CERMAK,Czechia,2
1183,Denis CHARAFOUTDINOV,Russia,2
1184,Tetsuyuki TANSOU,Japan,2
1185,Ching-ming CHOU,Taiwan,2
1186,Chen-fo TSENG,Taiwan,2
1187,Yutaka SATOU,Japan,2
1188,Yee-ping WONG,"China, Hong Kong Special Administrative Region",2
1189,Adam DEWHURST,United Kingdom,2
1190,Fréderic MAIK,France,2
1191,Pierre eric GOUDAL,France,2
1192,Hugo MEIGNAN,France,2
1193,Sergio quiroga MARABOLI,Chile,1
1194,Kin-wing LAU,"China, Hong Kong Special Administrative Region",1
1195,Raphaël LACHAT,Switzerland,1
1196,Manuel HASSLER,Switzerland,1
1197,Alexandre PARANHOS,Brazil,1
1198,Orlin KOLOV,Bulgaria,1
1199,Juan josé FERDANDEZ,Chile,1
1200,Vyacheslav TITOV,Ukraine,1
1201,Vyacheslav TITOV,Kazakhstan,1
1202,Kosuke HIRAMATSU,Japan,1
1203,Maximilian BREITENLECHNER,Austria,1
1204,Frederico SILVA,Portugal,1
1205,Petr SOLANSKY,Czechia,1
1206,Peter DOLEZAJ,Slovakia,1
1207,Robert HEINRICH,Germany,1
1208,Christian TOLLINGER,Austria,1
1209,Viliam FERČÁK,Slovakia,1
1210,Gasper PINTAR,Slovenia,1
1211,Vanco NAUNOV,The former Yugoslav Republic of Macedonia,1
1212,Gyula JUHASZ,Hungary,1
1213,Boris CUJIC,Croatia,1
1214,Tibor FULÖP,Hungary,1
1215,Andreas HOFMANN,Germany,1
1216,Roland MULLER,Luxembourg,1
1217,Dhansarit MEESEAT,Thailand,1
1218,Hong jie LOW,Malaysia,1
1219,Mohd redha ROSLAN,Malaysia,1
1220,Simon WILSON,Australia,1
1221,Po-fuk NGAI,"China, Hong Kong Special Administrative Region",1
1222,Man-wai SUN,"China, Hong Kong Special Administrative Region",1
1223,Yubin ZHANG,China,1
1224,Chi-chiu CHEUNG,"China, Hong Kong Special Administrative Region",1
1225,Shaoman LI,China,1
1226,Tyler CULPEPPER,New Zealand,1
1227,Deok jung KIM,Republic of Korea,1
1228,Gianluca COGO,Italy,1
1229,Attilio MUNARI,Italy,1
1230,Luca MODONI,Italy,1
1231,Chia chu CHANG,Taiwan,1
1232,Lucio GIUDICI,Italy,1
1233,Oleg MOROZKINE,Russia,1
1234,Marco INAKI,Spain,1
1235,Corentin LE GOFF,France,1
1236,Ivica FRANCESCHI,Croatia,1
1237,Hak kil LEE,Republic of Korea,1
1238,Vlado PAUSIC,Croatia,1
1239,Theodoros KONSTANTAKOPOULOS,Greece,1
1240,Markus GILLBERG,Sweden,1
1241,Kristoffer KLEV,Norway,1
1242,Théo RAVANELLO,France,1
1243,Albert ILSAAS SUTHURST,Norway,1
1244,Arno DIMMLER,Germany,1
1245,Jae-kyung RYU,Republic of Korea,1
1246,Tony YANIRO,United States of America,1
1247,Warwick FOX,Australia,1
1248,Seth JOHNSTON,Canada,1
1249,Jung-peel CHOI,Republic of Korea,1
1250,Steve HONG,United States of America,1
1251,Santiago fernando VALERGA,Argentina,1
1252,Ryan SEWELL,United States of America,1
1253,Shane PUCCIO,United States of America,1
1254,Ben SPANNUTH,United States of America,1
1255,Kevin MACARTNEY,United States of America,1
1256,Caio lopes DA SILVA,Brazil,1
1257,Ben HOBERG,United States of America,1
1258,Matty HONG,United States of America,1
1259,Ian DORY,United States of America,1
1260,Elias GEORGES DIAB,Lebanon,1
1261,Bassam FALAH SALEH,Iraq,1
1262,Sushi FIRAS,Jordan,1
1263,Georges ANTOUN EMILE,Lebanon,1
1264,Rolands RUGENS (Current),Latvia,1
1265,Eric BERTHE,Belgium,1
1266,David LEDUC,Belgium,1
1267,Tom BONNERT,United Kingdom,1
1268,Amirhamzeh POURSHAFIE,Iran (Islamic Republic of),1
1269,Ben BRANSBY,United Kingdom,1
1270,Kunihiro FUJIEDA,Japan,1
1271,Olaw MAINARDI,Italy,1
1272,Tamás FARKAS,Hungary,1
1273,Josh LARSON,United States of America,1
1274,Henrik RUTHER,Sweden,1
1275,Gazos NIKOLAOS,Greece,1
1276,Henrik BOLANDER,Sweden,1
1277,Theos EVANGELIOS,Greece,1
1278,Mikael MEYER,Sweden,1
1279,Roman STEFANEK,Czechia,1
1280,Yongho JANG,Republic of Korea,1
1281,Daniel TIRADO,Colombia,1
1282,Jeongsu LEE,Republic of Korea,1
1283,Chase GATLAND,New Zealand,1
1284,Ryuichi MURAI,Japan,1
1285,Imre SEDEVI,Romania,1
1286,Quentin MANZATO,France,1
1287,Brian KIM,United States of America,1
1288,Marshal GERMAN,Canada,1
1289,Valdo CHILESE,Italy,1
1290,Alexander TUZHILKIN,Russia,1
1291,Sewoong OH,Republic of Korea,1
1292,Daehee YOON,Republic of Korea,1
1293,Pyeongju HWANG,Republic of Korea,1
1294,Zoltan CSER,Hungary,1
1295,Tomas PILKE,Czechia,1
1296,Nobuyuki NAGATA,Japan,1
1297,Sung-hoon KANG,Republic of Korea,1
1298,Syuhei TANAKA,Japan,1
1299,Luke MUEHRING,United States of America,1
1300,Keita WATABE,Japan,1
1301,Cresencio VIDAL,Philippines,1
1302,Kristian guerrero HUBBERTH,Philippines,1
1303,Yegor LOS,Ukraine,1
1304,Swee soon ANG,Malaysia,1
1305,Benjamin SILLMANN,Germany,1
1306,Petr RESCH,Czechia,1
1307,Michael FOLEY,United States of America,1
1308,Carlos CATARI,Venezuela (Bolivarian Republic of),1
1309,Julio ARCE,Costa Rica,1
1310,Boris EGOROV,Russia,1
1311,Salvador GARCIA MIRACLE,Andorra,1
1312,Marc ARAUZ MASSOT,Andorra,1
1313,Janluca KOSTNER,Italy,1
1314,Lorenzo SINIBALDI,Italy,1
1315,Gleb VOLKOV,Russia,1
1316,Arseniy KUPCHIK,Russia,1
1317,Victor MUSIHIN,Russia,1
1318,Dmitriy BOGOMOLOV,Russia,1
1319,Jesus alberto GONZALEZ ABARCA,Chile,1
1320,Damon MCNEIL,New Zealand,1
1321,Alexey BOBYLEV,Russia,1
1322,Barry DURSTON,United Kingdom,1
1323,Alexei SHALYGIN,Russia,1
1324,Maxim KOZLOV,Russia,1
1325,Max HAMMER,United States of America,1
1326,Bobby TAFT - PITTMAN,United States of America,1
1327,Ivan FILIPIUK,Ukraine,1
1328,Khosro HASHEMZADEH,Iran (Islamic Republic of),1
1329,Alex FRICKER,Canada,1
1330,Gustavo gabriel SUAREZ MUNNE,Argentina,1
1331,Edwin CRUCERIRA,Ecuador,1
1332,Dherek RENGIFO,Ecuador,1
1333,Bryam MORENO,Ecuador,1
1334,Pashalis ZAFEIRIADIS,Greece,1
1335,Massimo DA POZZO,Italy,1
1336,Julien BARBIER,France,1
1337,Oscar AMICI,Italy,1
1338,Won-il CHOI,Republic of Korea,1
1339,Peter TOPERCER,Slovakia,1
1340,Ackermann THOMAS,Switzerland,1
1341,Nikolai MICHUROV,Russia,1
1342,Jeremy COLENSO,South Africa,1
1343,Tim ROGERS,South Africa,1
1344,Ion MARCUS,Romania,1
1345,Florian MATERNE,Belgium,1
1346,Didier MOTTART,Belgium,1
1347,Olivier FAVRESSE,Belgium,1
1348,Rikuto TAKEDA,Japan,1
1349,Mark ZENGO,Hungary,1
1350,Joseph GIFFORD,United States of America,1
1351,Pat ADAMS,United States of America,1
1352,Ron KAUK,United States of America,1
1353,Andrej MARCISZ,Poland,1
1354,Don VAN LAERE,Netherlands,1
1355,Joohwan YOON,Republic of Korea,1
1356,Nigel ARMINO,Netherlands,1
1357,Nicolas VANCAYZEELE,Belgium,1
1358,Nicolas GIRALDO,Colombia,1
1359,Zorbey AKTUYUN,Turkey,1
1360,Francois KAISER,France,1
1361,Akin TASKIRAN,Turkey,1
1362,Benoit HEURTAUX,France,1
1363,Dejan PETROVSKI,The former Yugoslav Republic of Macedonia,1
1364,Lars PROSKE,Germany,1
1365,Alexander HILLE,Germany,1
1366,Andrzej MECHERZYNSKI-WIKTOR,Poland,1
1367,Shogo MUROOKA,Japan,1
1368,Xiaojie CHEN,China,1
1369,Neil MAWSON,United Kingdom,1
1370,Gergely RAKOSI,Hungary,1
1371,Pavel SOLANSKY,Czechia,1
1372,Marcel DIPPON,Germany,1
1373,Miroslav HRASKO,Slovakia,1
1374,Jakub KOVACIK,Slovakia,1
1375,Martin SIFRA,Czechia,1
1376,Haerul ARIEP,Indonesia,1
1377,Ridwan NOVI,Indonesia,1
1378,Ardian ASHAR,Indonesia,1
1379,Olivier MIGNON,Belgium,1
1380,Edrick FREYRIA,Mexico,1
1381,Christian EHLERT,Mexico,1
1382,Jonathan URBINA,Venezuela (Bolivarian Republic of),1
1383,Maximilian WÖRNER,Germany,1
1384,Yannick LIS,Belgium,1
1385,Léon GENECAND,Switzerland,1
1386,Millan MOYANO MANZANO,Spain,1
1387,Dogan oguz PALUT,Turkey,1
1388,Daniel NIKOV,Bulgaria,1
1389,Petr WAGNER,Czechia,1
1390,Michi TRESCH,Switzerland,1
1391,Jürgen HÖFLE,Austria,1
1392,Bernhard WOLF,Germany,1
1393,Thomas JOHNSTONE,Austria,1
1394,Ymer ALBER,Sweden,1
1395,Štěpán POTŮČEK,Czechia,1
1396,Rafael CORONADO,Luxembourg,1
1397,Dingguo WANG,China,1
1398,Sergei SKORODUMOV,Russia,1
1399,Jury KRASILNIKOV,Russia,1
1400,Denis VAVEEV,Kazakhstan,1
1401,Levan CHOVNADZE,Kazakhstan,1
1402,Hristo STOYANOV,Bulgaria,1
1403,Yaroslav GOLOVACHEV,Ukraine,1
1404,Ief SPINCERAILLE,Belgium,1
1405,Stanko ZIDAN,Slovenia,1
1406,Cristian JOANTA,Romania,1
1407,Tom HERBERT,United States of America,1
1408,Pete OXLEY,United Kingdom,1
1409,Jan-martin ROELOFS,Netherlands,1
1410,Brian BERGMAN,Canada,1
1411,Mike MEIJNHARD,Netherlands,1
1412,Bob BERGMAN,Canada,1
1413,Vlad BONDARENCO,Russia,1
1414,Mick LOVATT,United Kingdom,1
1415,Volker WÜSTERMANN,Germany,1
1416,Takashi IWAMORI,Japan,1
1417,Sebastian KOSTKIEWICZ,Poland,1
1418,Andrei KRIVONOS,Ukraine,1
1419,Stéphane FRESSOZ,France,1
1420,Laurent LAPORTE,France,1
1421,Olivier FOURBET,France,1
1422,Jae-hun HAN,Republic of Korea,1
1423,Marcello BRUCCINI,Italy,1
1424,Kenji IIYAMA,Japan,1
1425,Andras TIBOLDI,Hungary,1
1426,Kornel RAVADITS,Hungary,1
1427,Giorgio MANICA,Italy,1
1428,Ivan TEMELKOV,Bulgaria,1
1429,Petrov PLAMEN,Bulgaria,1
1430,Clemens LOSKOT,Austria,1
1431,Jakob DRÖMMER,Germany,1
1432,Henrik SUIKHONEN,Sweden,1
1433,Sebastian HARTUNG,Germany,1
1434,Sebastian ABAD DEL CAMPO,Spain,1
1435,Paul GIERES,Luxembourg,1
1436,Keefe MURPHY,Ireland,1
1437,Andrea DI BARI,Italy,1
1438,Alec BRONITZ,Belgium,1
1439,Stéphane BRETTE,France,1
1440,Alessandro LAMBERTI BOCCONI,Italy,1
1441,Marzio NARDI,Italy,1
1442,Ernestino COCCHETTI,Italy,1
1443,Levan GURCHIANI,Georgia,1
1444,Evgeni GIRNOV,Uzbekistan,1
1445,Besik KIZIRIA,Georgia,1
1446,Sergey RYLOV,Ukraine,1
1447,Vasily MILCHEVSKY,Russia,1
1448,Phillip HIGGINS,New Zealand,1
1449,Vano GULEDANI,Georgia,1
1450,Michael PIETKEVICH,Latvia,1
1451,Vladimir SAVRASOV,Uzbekistan,1
1452,Rustam TULANOV,Uzbekistan,1
1453,Hernan agustin REINOSO NARANJO,Ecuador,1
1454,Masatoshi SUGITA,Japan,1
1455,Serguei TERENTIEV,Russia,1
1456,Harold PEETERS,Belgium,1
1457,Daniele TAVOLA,Italy,1
1458,Taisei ISHIMATSU,Japan,1
1459,Teeraphon BOONDECH,Thailand,1
1460,Stanislav PEKAREK,Czechia,1
1461,Dominik UHER,Czechia,1
1462,Rinat RAHIMKHANOV,Azerbaijan,1
1463,Ramel RAHIMKHANOV,Azerbaijan,1
1464,Mathieu PAUWELS,Belgium,1
1465,Adam STACK,United States of America,1
1466,Peter WOODS,Canada,1
1467,Mike MOELTER,United States of America,1
1468,Peter DAWSON,United Kingdom,1
1469,Jordan ROMIG,United States of America,1
1470,Aidan ROBERTS,United Kingdom,1
1471,Joseph CZUBKOWSKI,United Kingdom,1
1472,Simon UNGER,Germany,1
1473,Thomas MATTHEWS,United Kingdom,1
1474,Aiden DUNNE,United Kingdom,1
1475,Samuel OAKES,United Kingdom,1
1476,Alexander AVERDUNK,Germany,1
1477,Orrin COLEY,United Kingdom,1
1478,Soso GABULDANI,Georgia,1
1479,Ganesh BHUJEL (Current),India,1
1480,Pema Thendup BHUTIA,India,1
1481,Marian BUGNERU,Romania,1
1482,Robin SUTTON,United Kingdom,1
1483,Vitalii LAGUTIN,Ukraine,1
1484,Jon CARDWELL,United States of America,1
1485,Luka PERUNOVIC,Serbia,1
1486,Kirill SEMENOV,Russia,1
1487,Silviu CORCIOVEI,Romania,1
1488,Ryan RODEN,United States of America,1
1489,Leusca RAIMOND,Romania,1
1490,Yaniv HECHT,Israel,1
1491,Dömötör SZÉLL,Hungary,1
1492,Bálint BURUCS,Hungary,1
1493,Adam SZOLD,Israel,1
1494,Paul ROBINSON,United States of America,1
1495,Sobhan JAFARI MAHMOUDABADI,Iran (Islamic Republic of),1
1496,Artimes FARSHAD YEGANEH,Iran (Islamic Republic of),1
1497,Dionisios STRAVOGENIS,Greece,1
1498,Ed MORGAN,United Kingdom,1
1499,Robert MIRFIN,United Kingdom,1
1500,John david DUNNE,United Kingdom,1
1501,Guy HOLWILL,South Africa,1
1502,Jamie CASSIDY,United Kingdom,1
1503,Simon BRISMO,Sweden,1
1504,Matthias HAMLIN,Sweden,1
1505,Bror morten RANUM,Norway,1
1506,Jarred JORDAN,Australia,1
1507,Jan eivind DANIELSEN,Norway,1
1508,Erlend NUNDAL,Norway,1
1509,Kenneth ELVEGÅRD,Norway,1
1510,Christer RAUGLAND,Norway,1
1511,Endre sandø EVENSEN,Norway,1
1512,Magnus krane OVESEN,Norway,1
1513,Jon pål HAMRE,Norway,1
1514,Jarle KALLAND,Norway,1
1515,Martinus hals SKAR,Norway,1
1516,Henning WANG,Norway,1
1517,Einar SULHEIM,Norway,1
1518,Tarjei HAMRE,Norway,1
1519,Niels VAN DUYN,Netherlands,1
1520,Jose l. PENIN,Spain,1
1521,Ivan LARRION,Spain,1
1522,Ben RYAN,New Zealand,1
1523,Ioannis TSAOUSIS,Greece,1
1524,Christian SIMION,Romania,1
1525,Nikolaos THEODOROU,Greece,1
1526,Kai shun TSANG,"China, Hong Kong Special Administrative Region",1
1527,Chih-yung CHEN,Taiwan,1
1528,Kai ZHAO,China,1
1529,Xi-nan LIU,China,1
1530,Batkhuu BATSUKH,Mongolia,1
1531,G. JANGAR,Mongolia,1
1532,Jaime amiel PAHATI,Philippines,1
1533,Tumur OCH,Mongolia,1
1534,Anze SANCA,Slovenia,1
1535,Leif henning broch JOHNSEN,Norway,1
1536,Noah BIGWOOD,United States of America,1
1537,Oliver TINNER,Switzerland,1
1538,Frédéric VIONNET,France,1
1539,Gheorghe POP,Romania,1
1540,Markus BOCK,Germany,1
1541,Iakov SUBBOTIN,Russia,1
1542,Téo GENECAND,Switzerland,1
1543,Johannes LAU,Germany,1
1544,Dmytro KONOVALOV,Ukraine,1
1545,Nathan BANCROFT,United States of America,1
1546,Thomas WIKI,France,1
1547,Stefan GERRITSEN,Netherlands,1
1548,Aripin ZAENAL,Indonesia,1
1549,Sindre SAETERI,Norway,1
1550,C. m. PRAVEEN,India,1
1551,Chad GILBERT,United States of America,1
1552,Jon egil AUESTAD,Norway,1
1553,Patrick CASSIDAY,United States of America,1
1554,William ASHTON,United States of America,1
1555,Stanislav KOKORIN,Russia,1
1556,Daniel FUERTES OLLES,Spain,1
1557,Balint KAMVAS,Hungary,1
1558,Mikhail GOLOUBKOV,Russia,1
1559,Maxim TCHERNYKH,Russia,1
1560,Imre SZOCS,Romania,1
1561,James HOLBROOK,Australia,1
1562,Gheorghe COZANU,Romania,1
1563,Bernhard SCHARMER,Austria,1
1564,Björn BALDURSSON,Iceland,1
1565,Jürgen ANTHONI,Belgium,1
1566,Serguei IVANOV,Russia,1
1567,Simon PARBOOSINGH,Canada,1
1568,Hujine KAI,Japan,1
1569,Jong-sik KIM,Republic of Korea,1
1570,Chi-loi TANG,"China, Hong Kong Special Administrative Region",1
1571,Wei HE,China,1
1572,Shibata TOMOHIRO,Japan,1
1573,Sadao SHIMADA,Japan,1
1574,Ernesto TERRONES,Mexico,1
1575,Kusano TOSIMICHI,Japan,1
1576,Satoru KAMAMURA,Japan,1
1577,Ivan VIGIL,Mexico,1
1578,D. LIM,Republic of Korea,1
1579,Paramjit SINGH,India,1
1580,Tong-song CHEN,Taiwan,1
1581,Saleb KAZUYOSHI,Japan,1
1582,Sugino TAMOTU,Japan,1
1583,Mohit OBEROI,India,1
1584,Gábor VARGA,Hungary,1
1585,Ting-wai WONG,"China, Hong Kong Special Administrative Region",1
1586,Hugh WIDDOWSON,New Zealand,1
1587,Yuzuki KUROZUMI,Japan,1
1588,Kazuhiro MINOWADA,Japan,1
1589,Kouichi OHGA,Japan,1
1590,Lin NAI-HSYIN,Taiwan,1
1591,Kuen-taek LEE,Republic of Korea,1
1592,Lou SHEN,China,1
1593,Wang WONGPENG,China,1
1594,Tomohiro SHIBATA,Japan,1
1595,Tang-yee NG,"China, Hong Kong Special Administrative Region",1
1596,Kazuaki OHNISHI,Japan,1
1597,Kazuyoshi SATOU,Japan,1
1598,Tuneo KATO,Japan,1
1599,Jie-eun KIM,Republic of Korea,1
1600,Jimmy AUNET,France,1
1601,Andres FAJARDO,Colombia,1
1602,Laurent BOUDIER,France,1
1603,Benoit SABTHIER,France,1
1604,Benjamin FELGEROLLE,France,1
1605,Sylvain CHAPELLE,France,1
1606,Brad WEAVER,United States of America,1
1607,Eric SETHNA,Canada,1
1608,Fred CHARRON,Canada,1
1609,Andrew PALMER,United States of America,1
1610,Dominic LABARGE,United States of America,1
1611,Andriy TISHCHENKO,Ukraine,1
1612,Stefan AVRAMOV,Bulgaria,1
1613,Boyko LALOV,Bulgaria,1
1614,Marat SADYROV,Russia,1
1615,Claus vedel JENSEN,Denmark,1
1616,Lars WITTROCK,Denmark,1
1617,Martin CHRISTENSEN,Denmark,1
1618,Henrik SVENDSEN,Denmark,1
1619,Leong wai TAN,Malaysia,1
1620,Zhifeng HUANG,China,1
1621,"Yean tze, eric LOW",Malaysia,1
1622,Tzu-kai CHAO,Taiwan,1
1623,Eka bayu PRABOWO,Indonesia,1
1624,Mamat MOHD. FAISAL,Malaysia,1
1625,Rahmaliki BIN MOHAMMAD,Malaysia,1
1626,Erwin GOZUM,Philippines,1
1627,Kevin BRANFORD,United States of America,1
1628,Josef STÖCKL,Austria,1
1629,Zaza GURCHIANI,Georgia,1
1630,Jose luis penin FRANCO,Spain,1
1631,Loukas NTOURNTOUREKAS,Greece,1
1632,Ignacio fuertes OLLES,Spain,1
1633,Athanasios CHTENAS,Greece,1
1634,Marcos JUBES,Venezuela (Bolivarian Republic of),1
1635,Aldo ITURBE,Mexico,1
1636,Sabri SABRI (Current),Indonesia,1
1637,Veddriq LEONARDO (Current),Indonesia,1
1638,Pangeran SEPTO WIBOWO SIBURIAN (Current),Indonesia,1
1639,Robert STEWART-PATTERSON,Canada,1
1640,András KIRÁLY,Hungary,1
1641,Guillaume COLIN,France,1
1642,Dominick SPERNAZA,United States of America,1
1643,Martin HÄUSLER,Germany,1
1644,David OLDS,South Africa,1
1645,Aaron TONKS,United Kingdom,1
1646,Roger VALTONEN,Sweden,1
1647,Neil TRAVERS,United Kingdom,1
1648,Peter VINCZE,Hungary,1
1649,Jose manuel VELAZQUES PEREZ,Spain,1
1650,Ioannis KOLOKAS,Greece,1
1651,Athanasios HTENAS,Greece,1
1652,Javier CARRERAS PORTELA,Spain,1
1653,Steven BRADSHAW,South Africa,1
1654,J. SHARPE,United Kingdom,1
1655,O. ROUMEGOUX,France,1
1656,Aymar DE RUGY,France,1
1657,X. KATYS,Canada,1
1658,Amin ABBASSI,Iran (Islamic Republic of),1
1659,Evgeny MASLEONKIN,Russia,1
1660,Oleksandr ZELINSKY,Ukraine,1
1661,Igor PILIOUGINE,Russia,1
1662,Gurami GAZDELIANI,Georgia,1
1663,Amir PIRVASLI,Iran (Islamic Republic of),1
1664,Nils FAVRE (Current),Switzerland,1
1665,Alv BORGE,Norway,1
1666,Nicolas JAVEL,France,1
1667,Benjamin MAZUER,France,1
1668,Kenny MATYS,United States of America,1
1669,Patrick HEISINGER,Austria,1
1670,Eduardo MORA PARIENTE,Mexico,1
1671,David ULLOA,Costa Rica,1
1672,Ricardo NEVES,Portugal,1
1673,Nikita SUYUSHKIN,Russia,1
1674,Viktor TRACEVSKI,Ukraine,1
1675,Benedikt HAAGER,Germany,1
1676,Elio CACCHIO,Italy,1
1677,Jeroen JONGENEELEN,Netherlands,1
1678,Yves HASBANI,France,1
1679,Eugen LAZAR,Romania,1
1680,Nicola PESAVENTO,Italy,1
1681,Pau JOVER ESCAPA,Spain,1
1682,Tim UNUK,Slovenia,1
1683,Hristo ALTANCHEV,Bulgaria,1
1684,Uros PERKO,Slovenia,1
1685,Moritz WINKLER,Germany,1
1686,Masafumi TOYOTA,Japan,1
1687,Juan martin PEÑA,Ecuador,1
1688,MUHAMMET NURİ AYDEMİR,Turkey,1
1689,Olaf MALINOWSKI,Poland,1
1690,Ismail OZTURK,Turkey,1
1691,UGUR ILERIGELEN,Turkey,1
1692,Ali ŞEN,Turkey,1
1693,Matteo MANZONI,Italy,1
1694,Youngwha KIM,Republic of Korea,1
1695,Kiyoon KWON,Republic of Korea,1
1696,Ghislain PIPERS,France,1
1697,Ryder HOY,Canada,1
1698,Ian VINCENT,United Kingdom,1
1699,Alain GHERSEN,France,1
1700,Ben MASTERSON,United Kingdom,1
1701,Alexandre DUBOC,France,1
1702,Massimo BATTAGLIA,Italy,1
1703,Jan ZBRANEK,Czechia,1
1704,Rafal POREBSKI,Poland,1
1705,Matus KOSTKA,Slovakia,1
1706,Yong Kang DYLAN SEOW (Current),Singapore,1
1707,Joseph JOHNSON (Current),South Africa,1
1708,Dohyeon KIM (Current),Republic of Korea,1
1709,Muhammad Ramzi FIRMANSYAH (Current),Indonesia,1
1710,Yousef FATANI (Current),Saudi Arabia,1
1711,Gerald BAYO VEROSIL (Current),Singapore,1
1712,Lihao YANG (Current),China,1
1713,Jintao LUO (Current),China,1
1714,Yuanliang MA (Current),China,1
1715,Hossein FAMILROHANI (Current),Iran (Islamic Republic of),1
1716,Ali SALIMIAN (Current),Iran (Islamic Republic of),1
1717,Yuping MEI (Current),China,1
1718,Ege DUMAN (Current),Turkey,1
1719,Samo GOLOB (Current),Slovenia,1
1720,Davide Marco COLOMBO (Current),Italy,1
1721,Luka JERMAN (Current),Slovenia,1
1722,Muhammed Oğuz KAĞANOĞLU (Current),Turkey,1
1723,Mohammad GARAKANI (Current),Iran (Islamic Republic of),1
1724,Maël GRENIER (Current),France,1
1725,Alexandre NOËL (Current),Belgium,1
1726,Mykyta MYRONENKO (Current),Ukraine,1
1727,Bharath PEREIRA (Current),India,1
1728,Eliáš KYSELA (Current),Slovakia,1
1729,Corentin LAPORTE (Current),Belgium,1
1730,Marco BAUHOFER (Current),Austria,1
1731,Cristian RÂPĂ (Current),Romania,1
1732,Sólon Thorberg HELGASON (Current),Iceland,1
1733,Gergő VÁLYI  (Current),Hungary,1
1734,Stanley AU (Current),Guam,1
1735,Sanghyeon HAN (Current),Republic of Korea,1
1736,Aman VERMA (Current),India,1
1737,Allen LACTAOEN (Current),Guam,1
1738,Wan Tong LOK (Current),"China, Macao Special Administrative Region",1
1739,Hakjin LEE (Current),Republic of Korea,1
1740,Chuluunbaatar MANDAKHBAYAR (Current),Mongolia,1
1741,Poksakon CHOTIKKRAI (Current),Thailand,1
1742,Christos SOFOKLEOUS (Current),Cyprus,1
1743,Nidhal DAQNAH (Current),Saudi Arabia,1
1744,Ying-chieh WEN (Current),Taiwan,1
1745,Fazal WADOOD (Current),Pakistan,1
1746,Aman VARMA (Current),India,1
1747,Emiliano TORRIJO (Current),Chile,1
1748,Aiden YANEV (Current),Australia,1
1749,Diego ernesto VÁZQUEZ (Current),Mexico,1
1750,Luca BOLDRINI (Current),Italy,1
1751,Alireza PILEHFOROUSHAN (Current),Iran (Islamic Republic of),1
1752,Dario JOST (Current),Switzerland,1
1753,Richard SCHWARK (Current),Brazil,1
1754,Maxim PARE (Current),Australia,1
1755,Raffael GRUBER (Current),Austria,1
1756,Birgir óli SNORRASON (Current),Iceland,1
1757,Daniel SMITH,United Kingdom,1
1758,Sigrid BIM,Indonesia,1
1759,Sahil KHAN,India,1
1760,Evall SEPTY JAWARA,Indonesia,1
1761,Chia hsiang LIN (Current),Taiwan,1
1762,Till VON BOTHMER,Germany,1
1763,Cheuk-Hei HO (Current),"China, Hong Kong Special Administrative Region",1
1764,Ioannis-filippos NOEL-BAKER (Current),Greece,1
1765,Rosen RUEV,Bulgaria,1
1766,Tuukka SIMONEN (Current),Finland,1
1767,Ilmari PIIROINEN,Finland,1
1768,Matias OCHOA MARCOS (Current),Argentina,1
1769,Ivan LUO,Canada,1
1770,Thomas WALDIN,New Zealand,1
1771,Nicolas SALABERRY,Argentina,1
1772,Joaquin PIRIZ,Argentina,1
1773,Teodor KIRKEBØ,Norway,1
1774,Ivan SHYSHKOVSKYY,Ukraine,1
1775,Cody STEVENSON,United States of America,1
1776,Filip KURTOVIĆ,Croatia,1
1777,Isaac LEFF (Current),United States of America,1
1778,Filippos LAVRENTAKIS-RIGAKIS,Greece,1
1779,Pietro VIDI (Current),Italy,1
1780,Vilks KASPARS,Latvia,1
1781,Philipp GÖTHERT,Germany,1
1782,Samuel STEFANIK,Slovakia,1
1783,Marek JELIGA,Czechia,1
1784,Filip HROMADA,Slovakia,1
1785,Dmitrii POPOV,Russia,1
1786,Victor SEBROS,Greece,1
1787,Jakub FÁBRIC,Slovakia,1
1788,Bence FUKSZ,Hungary,1
1789,Joshua FOURTEAU,France,1
1790,Amiad LIPMAN,Israel,1
1791,Oleksii TYTARENKO,Ukraine,1
1792,Paolo STERNI,Italy,1
1793,Héctor BAZAN MARTÍN,Spain,1
1794,Danzeng CHILIE,China,1
1795,Zaheer AHMAD (Current),Pakistan,1
1796,Huang XIN,China,1
1797,Killian AVOCAT-BENAN,France,1
1798,George MARIS,Romania,1
1799,Bogdan RUS,Romania,1
1800,Jonas BAUMANN,Germany,1
1801,Christian BENK,Germany,1
1802,Roland PERETTI,Switzerland,1
1803,Noukri GVELEBIANI,Georgia,1
1804,Karsten BOROWKA,Germany,1
1805,Marian GEORGIEV,Bulgaria,1
1806,Sin-Fai HO,"China, Hong Kong Special Administrative Region",1
1807,Izzat SAAT,Malaysia,1
1808,Ruizhi CHEN,China,1
1809,Beiji LI,China,1
1810,Bob SCHUBERT,Netherlands,1
1811,Daan GROSKAMP,Netherlands,1
1812,Lukas GEUKENS,Belgium,1
1813,Lucas GAONA,Chile,1
1814,Andre NOREL,Netherlands,1
1815,Thattana RAKSACHAT,Thailand,1
1816,Niraj KARKI,Nepal,1
1817,Pranil man SHRESTHA,Nepal,1
1818,Phanuphong BUNPRAKOP,Thailand,1
1819,Terdpol ARTAUI,Thailand,1
1820,Sungchan PEE,Republic of Korea,1
1821,Mischa RADT,Netherlands,1
1822,Bastien GERLAND,France,1
1823,Jose FERREIRA,Portugal,1
1824,Samuel DELSINNE,France,1
1825,Christoph HELMA,Austria,1
1826,Tsutomu TANAKA,Japan,1
1827,Leszek MILCZAREK,Poland,1
1828,Pierre MASSCHELEIN,Belgium,1
1829,Tomas CADA,Czechia,1
1830,Plamen DEKOV,Bulgaria,1
1831,Thomas HUBER,Germany,1
1832,Dorian SUC,Slovenia,1
1833,Jan STRECKO,Slovakia,1
1834,Ernst RAINER,Austria,1
1835,Krzysztof KUCHARCZYK,Poland,1
1836,Vegard AKSNES,Norway,1
1837,Anders LANZ,Sweden,1
1838,Max BOHOLM,Sweden,1
1839,Roman KUCERA,Czechia,1
1840,George STANCESCU,Romania,1
1841,Igor MILOSAVLJEVIC,Serbia,1
1842,Enrico BAISTROCCHI,Italy,1
1843,Jiro NAKAGAI,Japan,1
1844,Zoran PEJKOVSKI,The former Yugoslav Republic of Macedonia,1
1845,Varga GABOR,Hungary,1
1846,David GISLER,Switzerland,1
1847,Martin TRAJKOVSKI,The former Yugoslav Republic of Macedonia,1
1848,Svetozar ANTOVIK,The former Yugoslav Republic of Macedonia,1
1849,Young-se KWEN,Republic of Korea,1
1850,Joffrey HYMAN,South Africa,1
1851,Xavier DROGUET,France,1
1852,Markus SCHWAIGER,Austria,1
1853,Adam HOCKING,United Kingdom,1
1854,Tomas MICHALKO,Slovakia,1
1855,Martin ECKERT,Slovakia,1
1856,Christian BRANDTNER,Austria,1
1857,Bruno RUEDISSER,Austria,1
1858,Bernhard SCHIESTL,Austria,1
1859,Dan alexandro BORCEA,Romania,1
1860,Pavel WEISSER,Czechia,1
1861,Markus ZÖLL,Germany,1
1862,Tom BRAUN,Luxembourg,1
1863,Stefan MILOTA,Romania,1
1864,Hector DELCAMPO,Belgium,1
1865,Klemen KEJZAR,Slovenia,1
1866,Konrad OCIEPKA,Poland,1
1867,Nikola KRAMARIC,Croatia,1
1868,Oleksii KRYNETSKYI,Ukraine,1
1869,Mike DOWNING,United States of America,1
1870,Vitaly SKORIK,Ukraine,1
1871,Vasil TASEVSKI,The former Yugoslav Republic of Macedonia,1
1872,Aymeric CLOUET,France,1
1873,Marco NESCATELLI,Italy,1
1874,Iker POU,Spain,1
1875,Martin LAMA,Australia,1
