,Year,Country,NumAthletes
0,1989,Andorra,0
1,1989,Argentina,0
2,1989,Australia,1
3,1989,Austria,1
4,1989,Azerbaijan,0
5,1989,Belarus,0
6,1989,Belgium,3
7,1989,Botswana,0
8,1989,Brazil,0
9,1989,Brunei Darussalam,0
10,1989,Bulgaria,3
11,1989,Cambodia,0
12,1989,Canada,0
13,1989,Chile,0
14,1989,China,0
15,1989,"China, Hong Kong Special Administrative Region",0
16,1989,"China, Macao Special Administrative Region",0
17,1989,Colombia,0
18,1989,Costa Rica,0
19,1989,Croatia,0
20,1989,Cyprus,0
21,1989,Czechia,2
22,1989,Denmark,0
23,1989,Ecuador,0
24,1989,El Salvador,0
25,1989,Estonia,0
26,1989,Finland,0
27,1989,France,24
28,1989,Georgia,0
29,1989,Germany,3
30,1989,Greece,0
31,1989,Guam,0
32,1989,Guatemala,0
33,1989,Honduras,0
34,1989,Hungary,1
35,1989,Iceland,0
36,1989,India,0
37,1989,Indonesia,0
38,1989,Iran (Islamic Republic of),0
39,1989,Iraq,0
40,1989,Ireland,0
41,1989,Israel,0
42,1989,Italy,7
43,1989,Japan,3
44,1989,Jordan,0
45,1989,Kazakhstan,0
46,1989,Kuwait,0
47,1989,Latvia,0
48,1989,Lebanon,0
49,1989,Lithuania,0
50,1989,Luxembourg,1
51,1989,Malaysia,0
52,1989,Mauritius,0
53,1989,Mexico,0
54,1989,Mongolia,0
55,1989,Nepal,0
56,1989,Netherlands,1
57,1989,New Zealand,0
58,1989,Nigeria,0
59,1989,Norway,0
60,1989,Pakistan,0
61,1989,Peru,0
62,1989,Philippines,0
63,1989,Poland,3
64,1989,Portugal,0
65,1989,Puerto Rico,0
66,1989,Republic of Korea,0
67,1989,Romania,0
68,1989,Russia,10
69,1989,Saudi Arabia,0
70,1989,Serbia,0
71,1989,Singapore,0
72,1989,Slovakia,0
73,1989,Slovenia,1
74,1989,South Africa,0
75,1989,Spain,6
76,1989,Sweden,0
77,1989,Switzerland,2
78,1989,Taiwan,0
79,1989,Thailand,0
80,1989,The former Yugoslav Republic of Macedonia,0
81,1989,Turkey,0
82,1989,Ukraine,0
83,1989,United Kingdom,6
84,1989,United States of America,12
85,1989,Uzbekistan,0
86,1989,Venezuela (Bolivarian Republic of),0
87,1990,Andorra,0
88,1990,Argentina,0
89,1990,Australia,0
90,1990,Austria,0
91,1990,Azerbaijan,0
92,1990,Belarus,0
93,1990,Belgium,0
94,1990,Botswana,0
95,1990,Brazil,0
96,1990,Brunei Darussalam,0
97,1990,Bulgaria,0
98,1990,Cambodia,0
99,1990,Canada,0
100,1990,Chile,0
101,1990,China,0
102,1990,"China, Hong Kong Special Administrative Region",0
103,1990,"China, Macao Special Administrative Region",0
104,1990,Colombia,0
105,1990,Costa Rica,0
106,1990,Croatia,0
107,1990,Cyprus,0
108,1990,Czechia,1
109,1990,Denmark,0
110,1990,Ecuador,0
111,1990,El Salvador,0
112,1990,Estonia,0
113,1990,Finland,0
114,1990,France,7
115,1990,Georgia,0
116,1990,Germany,0
117,1990,Greece,0
118,1990,Guam,0
119,1990,Guatemala,0
120,1990,Honduras,0
121,1990,Hungary,0
122,1990,Iceland,0
123,1990,India,0
124,1990,Indonesia,0
125,1990,Iran (Islamic Republic of),0
126,1990,Iraq,0
127,1990,Ireland,0
128,1990,Israel,0
129,1990,Italy,1
130,1990,Japan,1
131,1990,Jordan,0
132,1990,Kazakhstan,0
133,1990,Kuwait,0
134,1990,Latvia,0
135,1990,Lebanon,0
136,1990,Lithuania,0
137,1990,Luxembourg,0
138,1990,Malaysia,0
139,1990,Mauritius,0
140,1990,Mexico,0
141,1990,Mongolia,0
142,1990,Nepal,0
143,1990,Netherlands,0
144,1990,New Zealand,0
145,1990,Nigeria,0
146,1990,Norway,0
147,1990,Pakistan,0
148,1990,Peru,0
149,1990,Philippines,0
150,1990,Poland,0
151,1990,Portugal,0
152,1990,Puerto Rico,0
153,1990,Republic of Korea,0
154,1990,Romania,0
155,1990,Russia,0
156,1990,Saudi Arabia,0
157,1990,Serbia,0
158,1990,Singapore,0
159,1990,Slovakia,0
160,1990,Slovenia,0
161,1990,South Africa,0
162,1990,Spain,1
163,1990,Sweden,0
164,1990,Switzerland,1
165,1990,Taiwan,0
166,1990,Thailand,0
167,1990,The former Yugoslav Republic of Macedonia,0
168,1990,Turkey,0
169,1990,Ukraine,0
170,1990,United Kingdom,3
171,1990,United States of America,2
172,1990,Uzbekistan,0
173,1990,Venezuela (Bolivarian Republic of),0
174,1991,Andorra,0
175,1991,Argentina,0
176,1991,Australia,3
177,1991,Austria,14
178,1991,Azerbaijan,0
179,1991,Belarus,0
180,1991,Belgium,10
181,1991,Botswana,0
182,1991,Brazil,0
183,1991,Brunei Darussalam,0
184,1991,Bulgaria,5
185,1991,Cambodia,0
186,1991,Canada,9
187,1991,Chile,0
188,1991,China,2
189,1991,"China, Hong Kong Special Administrative Region",3
190,1991,"China, Macao Special Administrative Region",0
191,1991,Colombia,0
192,1991,Costa Rica,0
193,1991,Croatia,0
194,1991,Cyprus,0
195,1991,Czechia,8
196,1991,Denmark,0
197,1991,Ecuador,0
198,1991,El Salvador,0
199,1991,Estonia,0
200,1991,Finland,0
201,1991,France,32
202,1991,Georgia,0
203,1991,Germany,21
204,1991,Greece,0
205,1991,Guam,0
206,1991,Guatemala,0
207,1991,Honduras,0
208,1991,Hungary,2
209,1991,Iceland,0
210,1991,India,4
211,1991,Indonesia,0
212,1991,Iran (Islamic Republic of),0
213,1991,Iraq,0
214,1991,Ireland,1
215,1991,Israel,0
216,1991,Italy,21
217,1991,Japan,24
218,1991,Jordan,0
219,1991,Kazakhstan,1
220,1991,Kuwait,0
221,1991,Latvia,0
222,1991,Lebanon,0
223,1991,Lithuania,0
224,1991,Luxembourg,1
225,1991,Malaysia,0
226,1991,Mauritius,0
227,1991,Mexico,2
228,1991,Mongolia,0
229,1991,Nepal,0
230,1991,Netherlands,5
231,1991,New Zealand,0
232,1991,Nigeria,0
233,1991,Norway,0
234,1991,Pakistan,0
235,1991,Peru,0
236,1991,Philippines,0
237,1991,Poland,7
238,1991,Portugal,1
239,1991,Puerto Rico,0
240,1991,Republic of Korea,10
241,1991,Romania,5
242,1991,Russia,22
243,1991,Saudi Arabia,0
244,1991,Serbia,0
245,1991,Singapore,0
246,1991,Slovakia,4
247,1991,Slovenia,9
248,1991,South Africa,0
249,1991,Spain,6
250,1991,Sweden,1
251,1991,Switzerland,10
252,1991,Taiwan,5
253,1991,Thailand,0
254,1991,The former Yugoslav Republic of Macedonia,0
255,1991,Turkey,0
256,1991,Ukraine,0
257,1991,United Kingdom,32
258,1991,United States of America,16
259,1991,Uzbekistan,0
260,1991,Venezuela (Bolivarian Republic of),0
261,1992,Andorra,0
262,1992,Argentina,0
263,1992,Australia,2
264,1992,Austria,13
265,1992,Azerbaijan,0
266,1992,Belarus,0
267,1992,Belgium,9
268,1992,Botswana,0
269,1992,Brazil,0
270,1992,Brunei Darussalam,0
271,1992,Bulgaria,5
272,1992,Cambodia,0
273,1992,Canada,4
274,1992,Chile,0
275,1992,China,2
276,1992,"China, Hong Kong Special Administrative Region",5
277,1992,"China, Macao Special Administrative Region",0
278,1992,Colombia,0
279,1992,Costa Rica,0
280,1992,Croatia,7
281,1992,Cyprus,0
282,1992,Czechia,5
283,1992,Denmark,0
284,1992,Ecuador,0
285,1992,El Salvador,0
286,1992,Estonia,0
287,1992,Finland,0
288,1992,France,41
289,1992,Georgia,0
290,1992,Germany,19
291,1992,Greece,0
292,1992,Guam,0
293,1992,Guatemala,0
294,1992,Honduras,0
295,1992,Hungary,2
296,1992,Iceland,0
297,1992,India,0
298,1992,Indonesia,0
299,1992,Iran (Islamic Republic of),0
300,1992,Iraq,0
301,1992,Ireland,0
302,1992,Israel,0
303,1992,Italy,13
304,1992,Japan,23
305,1992,Jordan,0
306,1992,Kazakhstan,1
307,1992,Kuwait,0
308,1992,Latvia,0
309,1992,Lebanon,0
310,1992,Lithuania,0
311,1992,Luxembourg,4
312,1992,Malaysia,0
313,1992,Mauritius,0
314,1992,Mexico,0
315,1992,Mongolia,0
316,1992,Nepal,0
317,1992,Netherlands,3
318,1992,New Zealand,2
319,1992,Nigeria,0
320,1992,Norway,8
321,1992,Pakistan,0
322,1992,Peru,0
323,1992,Philippines,0
324,1992,Poland,2
325,1992,Portugal,0
326,1992,Puerto Rico,0
327,1992,Republic of Korea,7
328,1992,Romania,6
329,1992,Russia,17
330,1992,Saudi Arabia,0
331,1992,Serbia,0
332,1992,Singapore,0
333,1992,Slovakia,2
334,1992,Slovenia,9
335,1992,South Africa,3
336,1992,Spain,9
337,1992,Sweden,0
338,1992,Switzerland,10
339,1992,Taiwan,5
340,1992,Thailand,0
341,1992,The former Yugoslav Republic of Macedonia,0
342,1992,Turkey,0
343,1992,Ukraine,1
344,1992,United Kingdom,29
345,1992,United States of America,15
346,1992,Uzbekistan,0
347,1992,Venezuela (Bolivarian Republic of),0
348,1993,Andorra,0
349,1993,Argentina,0
350,1993,Australia,1
351,1993,Austria,7
352,1993,Azerbaijan,0
353,1993,Belarus,0
354,1993,Belgium,9
355,1993,Botswana,0
356,1993,Brazil,0
357,1993,Brunei Darussalam,0
358,1993,Bulgaria,6
359,1993,Cambodia,0
360,1993,Canada,6
361,1993,Chile,0
362,1993,China,0
363,1993,"China, Hong Kong Special Administrative Region",0
364,1993,"China, Macao Special Administrative Region",0
365,1993,Colombia,0
366,1993,Costa Rica,0
367,1993,Croatia,0
368,1993,Cyprus,0
369,1993,Czechia,13
370,1993,Denmark,0
371,1993,Ecuador,0
372,1993,El Salvador,0
373,1993,Estonia,0
374,1993,Finland,0
375,1993,France,48
376,1993,Georgia,0
377,1993,Germany,29
378,1993,Greece,1
379,1993,Guam,0
380,1993,Guatemala,0
381,1993,Honduras,0
382,1993,Hungary,0
383,1993,Iceland,0
384,1993,India,0
385,1993,Indonesia,0
386,1993,Iran (Islamic Republic of),0
387,1993,Iraq,0
388,1993,Ireland,0
389,1993,Israel,0
390,1993,Italy,10
391,1993,Japan,7
392,1993,Jordan,0
393,1993,Kazakhstan,6
394,1993,Kuwait,0
395,1993,Latvia,0
396,1993,Lebanon,0
397,1993,Lithuania,0
398,1993,Luxembourg,2
399,1993,Malaysia,0
400,1993,Mauritius,0
401,1993,Mexico,0
402,1993,Mongolia,0
403,1993,Nepal,0
404,1993,Netherlands,3
405,1993,New Zealand,1
406,1993,Nigeria,0
407,1993,Norway,6
408,1993,Pakistan,0
409,1993,Peru,0
410,1993,Philippines,0
411,1993,Poland,7
412,1993,Portugal,0
413,1993,Puerto Rico,0
414,1993,Republic of Korea,3
415,1993,Romania,14
416,1993,Russia,18
417,1993,Saudi Arabia,0
418,1993,Serbia,0
419,1993,Singapore,0
420,1993,Slovakia,5
421,1993,Slovenia,9
422,1993,South Africa,3
423,1993,Spain,9
424,1993,Sweden,0
425,1993,Switzerland,13
426,1993,Taiwan,0
427,1993,Thailand,0
428,1993,The former Yugoslav Republic of Macedonia,0
429,1993,Turkey,0
430,1993,Ukraine,10
431,1993,United Kingdom,19
432,1993,United States of America,15
433,1993,Uzbekistan,0
434,1993,Venezuela (Bolivarian Republic of),0
435,1994,Andorra,0
436,1994,Argentina,0
437,1994,Australia,4
438,1994,Austria,8
439,1994,Azerbaijan,0
440,1994,Belarus,0
441,1994,Belgium,7
442,1994,Botswana,0
443,1994,Brazil,0
444,1994,Brunei Darussalam,0
445,1994,Bulgaria,4
446,1994,Cambodia,0
447,1994,Canada,1
448,1994,Chile,0
449,1994,China,0
450,1994,"China, Hong Kong Special Administrative Region",0
451,1994,"China, Macao Special Administrative Region",0
452,1994,Colombia,0
453,1994,Costa Rica,0
454,1994,Croatia,3
455,1994,Cyprus,0
456,1994,Czechia,6
457,1994,Denmark,0
458,1994,Ecuador,0
459,1994,El Salvador,0
460,1994,Estonia,0
461,1994,Finland,0
462,1994,France,51
463,1994,Georgia,4
464,1994,Germany,12
465,1994,Greece,3
466,1994,Guam,0
467,1994,Guatemala,0
468,1994,Honduras,0
469,1994,Hungary,0
470,1994,Iceland,1
471,1994,India,0
472,1994,Indonesia,0
473,1994,Iran (Islamic Republic of),0
474,1994,Iraq,0
475,1994,Ireland,0
476,1994,Israel,0
477,1994,Italy,10
478,1994,Japan,3
479,1994,Jordan,0
480,1994,Kazakhstan,5
481,1994,Kuwait,0
482,1994,Latvia,2
483,1994,Lebanon,0
484,1994,Lithuania,0
485,1994,Luxembourg,0
486,1994,Malaysia,0
487,1994,Mauritius,0
488,1994,Mexico,0
489,1994,Mongolia,0
490,1994,Nepal,0
491,1994,Netherlands,0
492,1994,New Zealand,1
493,1994,Nigeria,0
494,1994,Norway,5
495,1994,Pakistan,0
496,1994,Peru,0
497,1994,Philippines,0
498,1994,Poland,4
499,1994,Portugal,0
500,1994,Puerto Rico,0
501,1994,Republic of Korea,4
502,1994,Romania,5
503,1994,Russia,24
504,1994,Saudi Arabia,0
505,1994,Serbia,0
506,1994,Singapore,0
507,1994,Slovakia,5
508,1994,Slovenia,7
509,1994,South Africa,1
510,1994,Spain,5
511,1994,Sweden,1
512,1994,Switzerland,7
513,1994,Taiwan,0
514,1994,Thailand,0
515,1994,The former Yugoslav Republic of Macedonia,0
516,1994,Turkey,0
517,1994,Ukraine,8
518,1994,United Kingdom,21
519,1994,United States of America,11
520,1994,Uzbekistan,4
521,1994,Venezuela (Bolivarian Republic of),0
522,1995,Andorra,0
523,1995,Argentina,0
524,1995,Australia,1
525,1995,Austria,6
526,1995,Azerbaijan,0
527,1995,Belarus,0
528,1995,Belgium,3
529,1995,Botswana,0
530,1995,Brazil,0
531,1995,Brunei Darussalam,0
532,1995,Bulgaria,5
533,1995,Cambodia,0
534,1995,Canada,1
535,1995,Chile,1
536,1995,China,0
537,1995,"China, Hong Kong Special Administrative Region",0
538,1995,"China, Macao Special Administrative Region",0
539,1995,Colombia,0
540,1995,Costa Rica,0
541,1995,Croatia,0
542,1995,Cyprus,0
543,1995,Czechia,6
544,1995,Denmark,0
545,1995,Ecuador,0
546,1995,El Salvador,0
547,1995,Estonia,0
548,1995,Finland,0
549,1995,France,32
550,1995,Georgia,0
551,1995,Germany,19
552,1995,Greece,0
553,1995,Guam,0
554,1995,Guatemala,0
555,1995,Honduras,0
556,1995,Hungary,2
557,1995,Iceland,0
558,1995,India,0
559,1995,Indonesia,0
560,1995,Iran (Islamic Republic of),0
561,1995,Iraq,0
562,1995,Ireland,0
563,1995,Israel,0
564,1995,Italy,11
565,1995,Japan,5
566,1995,Jordan,0
567,1995,Kazakhstan,3
568,1995,Kuwait,0
569,1995,Latvia,0
570,1995,Lebanon,0
571,1995,Lithuania,0
572,1995,Luxembourg,0
573,1995,Malaysia,0
574,1995,Mauritius,0
575,1995,Mexico,0
576,1995,Mongolia,0
577,1995,Nepal,0
578,1995,Netherlands,4
579,1995,New Zealand,1
580,1995,Nigeria,0
581,1995,Norway,5
582,1995,Pakistan,0
583,1995,Peru,0
584,1995,Philippines,0
585,1995,Poland,8
586,1995,Portugal,0
587,1995,Puerto Rico,0
588,1995,Republic of Korea,3
589,1995,Romania,2
590,1995,Russia,21
591,1995,Saudi Arabia,0
592,1995,Serbia,0
593,1995,Singapore,0
594,1995,Slovakia,5
595,1995,Slovenia,10
596,1995,South Africa,2
597,1995,Spain,8
598,1995,Sweden,2
599,1995,Switzerland,11
600,1995,Taiwan,0
601,1995,Thailand,0
602,1995,The former Yugoslav Republic of Macedonia,0
603,1995,Turkey,0
604,1995,Ukraine,12
605,1995,United Kingdom,22
606,1995,United States of America,7
607,1995,Uzbekistan,0
608,1995,Venezuela (Bolivarian Republic of),0
609,1996,Andorra,0
610,1996,Argentina,0
611,1996,Australia,0
612,1996,Austria,7
613,1996,Azerbaijan,0
614,1996,Belarus,0
615,1996,Belgium,3
616,1996,Botswana,0
617,1996,Brazil,0
618,1996,Brunei Darussalam,0
619,1996,Bulgaria,2
620,1996,Cambodia,0
621,1996,Canada,1
622,1996,Chile,0
623,1996,China,0
624,1996,"China, Hong Kong Special Administrative Region",0
625,1996,"China, Macao Special Administrative Region",0
626,1996,Colombia,0
627,1996,Costa Rica,0
628,1996,Croatia,0
629,1996,Cyprus,0
630,1996,Czechia,7
631,1996,Denmark,0
632,1996,Ecuador,0
633,1996,El Salvador,0
634,1996,Estonia,0
635,1996,Finland,1
636,1996,France,24
637,1996,Georgia,0
638,1996,Germany,10
639,1996,Greece,3
640,1996,Guam,0
641,1996,Guatemala,0
642,1996,Honduras,0
643,1996,Hungary,3
644,1996,Iceland,0
645,1996,India,0
646,1996,Indonesia,0
647,1996,Iran (Islamic Republic of),0
648,1996,Iraq,0
649,1996,Ireland,0
650,1996,Israel,0
651,1996,Italy,12
652,1996,Japan,2
653,1996,Jordan,0
654,1996,Kazakhstan,4
655,1996,Kuwait,0
656,1996,Latvia,0
657,1996,Lebanon,0
658,1996,Lithuania,0
659,1996,Luxembourg,0
660,1996,Malaysia,0
661,1996,Mauritius,0
662,1996,Mexico,0
663,1996,Mongolia,0
664,1996,Nepal,0
665,1996,Netherlands,2
666,1996,New Zealand,1
667,1996,Nigeria,0
668,1996,Norway,2
669,1996,Pakistan,0
670,1996,Peru,0
671,1996,Philippines,0
672,1996,Poland,10
673,1996,Portugal,0
674,1996,Puerto Rico,0
675,1996,Republic of Korea,7
676,1996,Romania,3
677,1996,Russia,25
678,1996,Saudi Arabia,0
679,1996,Serbia,0
680,1996,Singapore,0
681,1996,Slovakia,3
682,1996,Slovenia,11
683,1996,South Africa,0
684,1996,Spain,6
685,1996,Sweden,1
686,1996,Switzerland,6
687,1996,Taiwan,0
688,1996,Thailand,0
689,1996,The former Yugoslav Republic of Macedonia,0
690,1996,Turkey,0
691,1996,Ukraine,9
692,1996,United Kingdom,9
693,1996,United States of America,3
694,1996,Uzbekistan,0
695,1996,Venezuela (Bolivarian Republic of),0
696,1997,Andorra,0
697,1997,Argentina,0
698,1997,Australia,2
699,1997,Austria,13
700,1997,Azerbaijan,0
701,1997,Belarus,0
702,1997,Belgium,3
703,1997,Botswana,0
704,1997,Brazil,0
705,1997,Brunei Darussalam,0
706,1997,Bulgaria,3
707,1997,Cambodia,0
708,1997,Canada,1
709,1997,Chile,0
710,1997,China,0
711,1997,"China, Hong Kong Special Administrative Region",0
712,1997,"China, Macao Special Administrative Region",0
713,1997,Colombia,0
714,1997,Costa Rica,0
715,1997,Croatia,3
716,1997,Cyprus,0
717,1997,Czechia,16
718,1997,Denmark,0
719,1997,Ecuador,0
720,1997,El Salvador,0
721,1997,Estonia,0
722,1997,Finland,4
723,1997,France,31
724,1997,Georgia,2
725,1997,Germany,10
726,1997,Greece,3
727,1997,Guam,0
728,1997,Guatemala,0
729,1997,Honduras,0
730,1997,Hungary,5
731,1997,Iceland,0
732,1997,India,0
733,1997,Indonesia,0
734,1997,Iran (Islamic Republic of),0
735,1997,Iraq,0
736,1997,Ireland,0
737,1997,Israel,0
738,1997,Italy,26
739,1997,Japan,3
740,1997,Jordan,0
741,1997,Kazakhstan,1
742,1997,Kuwait,0
743,1997,Latvia,0
744,1997,Lebanon,0
745,1997,Lithuania,0
746,1997,Luxembourg,0
747,1997,Malaysia,0
748,1997,Mauritius,0
749,1997,Mexico,0
750,1997,Mongolia,0
751,1997,Nepal,0
752,1997,Netherlands,1
753,1997,New Zealand,0
754,1997,Nigeria,0
755,1997,Norway,2
756,1997,Pakistan,0
757,1997,Peru,0
758,1997,Philippines,0
759,1997,Poland,8
760,1997,Portugal,0
761,1997,Puerto Rico,0
762,1997,Republic of Korea,7
763,1997,Romania,2
764,1997,Russia,11
765,1997,Saudi Arabia,0
766,1997,Serbia,0
767,1997,Singapore,0
768,1997,Slovakia,4
769,1997,Slovenia,12
770,1997,South Africa,1
771,1997,Spain,8
772,1997,Sweden,7
773,1997,Switzerland,8
774,1997,Taiwan,0
775,1997,Thailand,0
776,1997,The former Yugoslav Republic of Macedonia,0
777,1997,Turkey,0
778,1997,Ukraine,3
779,1997,United Kingdom,17
780,1997,United States of America,11
781,1997,Uzbekistan,0
782,1997,Venezuela (Bolivarian Republic of),0
783,1998,Andorra,0
784,1998,Argentina,0
785,1998,Australia,0
786,1998,Austria,7
787,1998,Azerbaijan,0
788,1998,Belarus,0
789,1998,Belgium,3
790,1998,Botswana,0
791,1998,Brazil,0
792,1998,Brunei Darussalam,0
793,1998,Bulgaria,3
794,1998,Cambodia,0
795,1998,Canada,0
796,1998,Chile,0
797,1998,China,0
798,1998,"China, Hong Kong Special Administrative Region",0
799,1998,"China, Macao Special Administrative Region",0
800,1998,Colombia,0
801,1998,Costa Rica,0
802,1998,Croatia,4
803,1998,Cyprus,0
804,1998,Czechia,10
805,1998,Denmark,0
806,1998,Ecuador,0
807,1998,El Salvador,0
808,1998,Estonia,0
809,1998,Finland,2
810,1998,France,31
811,1998,Georgia,0
812,1998,Germany,12
813,1998,Greece,3
814,1998,Guam,0
815,1998,Guatemala,0
816,1998,Honduras,0
817,1998,Hungary,3
818,1998,Iceland,0
819,1998,India,0
820,1998,Indonesia,0
821,1998,Iran (Islamic Republic of),0
822,1998,Iraq,0
823,1998,Ireland,0
824,1998,Israel,0
825,1998,Italy,30
826,1998,Japan,6
827,1998,Jordan,0
828,1998,Kazakhstan,0
829,1998,Kuwait,0
830,1998,Latvia,0
831,1998,Lebanon,0
832,1998,Lithuania,0
833,1998,Luxembourg,0
834,1998,Malaysia,0
835,1998,Mauritius,0
836,1998,Mexico,0
837,1998,Mongolia,0
838,1998,Nepal,0
839,1998,Netherlands,5
840,1998,New Zealand,1
841,1998,Nigeria,0
842,1998,Norway,2
843,1998,Pakistan,0
844,1998,Peru,0
845,1998,Philippines,0
846,1998,Poland,5
847,1998,Portugal,0
848,1998,Puerto Rico,0
849,1998,Republic of Korea,6
850,1998,Romania,6
851,1998,Russia,15
852,1998,Saudi Arabia,0
853,1998,Serbia,0
854,1998,Singapore,0
855,1998,Slovakia,4
856,1998,Slovenia,15
857,1998,South Africa,0
858,1998,Spain,8
859,1998,Sweden,4
860,1998,Switzerland,9
861,1998,Taiwan,0
862,1998,Thailand,0
863,1998,The former Yugoslav Republic of Macedonia,0
864,1998,Turkey,0
865,1998,Ukraine,13
866,1998,United Kingdom,8
867,1998,United States of America,1
868,1998,Uzbekistan,0
869,1998,Venezuela (Bolivarian Republic of),0
870,1999,Andorra,0
871,1999,Argentina,1
872,1999,Australia,0
873,1999,Austria,17
874,1999,Azerbaijan,0
875,1999,Belarus,0
876,1999,Belgium,3
877,1999,Botswana,0
878,1999,Brazil,4
879,1999,Brunei Darussalam,0
880,1999,Bulgaria,6
881,1999,Cambodia,0
882,1999,Canada,4
883,1999,Chile,3
884,1999,China,0
885,1999,"China, Hong Kong Special Administrative Region",1
886,1999,"China, Macao Special Administrative Region",0
887,1999,Colombia,0
888,1999,Costa Rica,0
889,1999,Croatia,3
890,1999,Cyprus,0
891,1999,Czechia,12
892,1999,Denmark,0
893,1999,Ecuador,0
894,1999,El Salvador,0
895,1999,Estonia,0
896,1999,Finland,2
897,1999,France,91
898,1999,Georgia,2
899,1999,Germany,19
900,1999,Greece,0
901,1999,Guam,0
902,1999,Guatemala,0
903,1999,Honduras,0
904,1999,Hungary,11
905,1999,Iceland,0
906,1999,India,0
907,1999,Indonesia,0
908,1999,Iran (Islamic Republic of),0
909,1999,Iraq,0
910,1999,Ireland,0
911,1999,Israel,0
912,1999,Italy,31
913,1999,Japan,8
914,1999,Jordan,0
915,1999,Kazakhstan,0
916,1999,Kuwait,0
917,1999,Latvia,0
918,1999,Lebanon,0
919,1999,Lithuania,0
920,1999,Luxembourg,0
921,1999,Malaysia,0
922,1999,Mauritius,0
923,1999,Mexico,0
924,1999,Mongolia,0
925,1999,Nepal,0
926,1999,Netherlands,5
927,1999,New Zealand,1
928,1999,Nigeria,0
929,1999,Norway,1
930,1999,Pakistan,0
931,1999,Peru,0
932,1999,Philippines,0
933,1999,Poland,9
934,1999,Portugal,0
935,1999,Puerto Rico,0
936,1999,Republic of Korea,4
937,1999,Romania,1
938,1999,Russia,27
939,1999,Saudi Arabia,0
940,1999,Serbia,0
941,1999,Singapore,0
942,1999,Slovakia,7
943,1999,Slovenia,15
944,1999,South Africa,0
945,1999,Spain,17
946,1999,Sweden,6
947,1999,Switzerland,14
948,1999,Taiwan,0
949,1999,Thailand,0
950,1999,The former Yugoslav Republic of Macedonia,3
951,1999,Turkey,0
952,1999,Ukraine,17
953,1999,United Kingdom,13
954,1999,United States of America,5
955,1999,Uzbekistan,0
956,1999,Venezuela (Bolivarian Republic of),0
957,2000,Andorra,0
958,2000,Argentina,0
959,2000,Australia,0
960,2000,Austria,12
961,2000,Azerbaijan,0
962,2000,Belarus,0
963,2000,Belgium,2
964,2000,Botswana,0
965,2000,Brazil,0
966,2000,Brunei Darussalam,0
967,2000,Bulgaria,9
968,2000,Cambodia,0
969,2000,Canada,2
970,2000,Chile,0
971,2000,China,0
972,2000,"China, Hong Kong Special Administrative Region",3
973,2000,"China, Macao Special Administrative Region",0
974,2000,Colombia,1
975,2000,Costa Rica,0
976,2000,Croatia,1
977,2000,Cyprus,0
978,2000,Czechia,9
979,2000,Denmark,0
980,2000,Ecuador,0
981,2000,El Salvador,0
982,2000,Estonia,0
983,2000,Finland,0
984,2000,France,96
985,2000,Georgia,0
986,2000,Germany,20
987,2000,Greece,4
988,2000,Guam,0
989,2000,Guatemala,0
990,2000,Honduras,0
991,2000,Hungary,3
992,2000,Iceland,0
993,2000,India,0
994,2000,Indonesia,0
995,2000,Iran (Islamic Republic of),0
996,2000,Iraq,0
997,2000,Ireland,0
998,2000,Israel,0
999,2000,Italy,30
1000,2000,Japan,11
1001,2000,Jordan,0
1002,2000,Kazakhstan,0
1003,2000,Kuwait,0
1004,2000,Latvia,0
1005,2000,Lebanon,0
1006,2000,Lithuania,0
1007,2000,Luxembourg,0
1008,2000,Malaysia,0
1009,2000,Mauritius,0
1010,2000,Mexico,0
1011,2000,Mongolia,0
1012,2000,Nepal,0
1013,2000,Netherlands,7
1014,2000,New Zealand,1
1015,2000,Nigeria,0
1016,2000,Norway,7
1017,2000,Pakistan,0
1018,2000,Peru,0
1019,2000,Philippines,0
1020,2000,Poland,6
1021,2000,Portugal,0
1022,2000,Puerto Rico,0
1023,2000,Republic of Korea,8
1024,2000,Romania,1
1025,2000,Russia,25
1026,2000,Saudi Arabia,0
1027,2000,Serbia,0
1028,2000,Singapore,0
1029,2000,Slovakia,5
1030,2000,Slovenia,17
1031,2000,South Africa,0
1032,2000,Spain,12
1033,2000,Sweden,10
1034,2000,Switzerland,13
1035,2000,Taiwan,1
1036,2000,Thailand,0
1037,2000,The former Yugoslav Republic of Macedonia,3
1038,2000,Turkey,0
1039,2000,Ukraine,15
1040,2000,United Kingdom,11
1041,2000,United States of America,7
1042,2000,Uzbekistan,0
1043,2000,Venezuela (Bolivarian Republic of),0
1044,2001,Andorra,0
1045,2001,Argentina,0
1046,2001,Australia,0
1047,2001,Austria,11
1048,2001,Azerbaijan,0
1049,2001,Belarus,1
1050,2001,Belgium,2
1051,2001,Botswana,0
1052,2001,Brazil,1
1053,2001,Brunei Darussalam,0
1054,2001,Bulgaria,0
1055,2001,Cambodia,0
1056,2001,Canada,1
1057,2001,Chile,0
1058,2001,China,8
1059,2001,"China, Hong Kong Special Administrative Region",3
1060,2001,"China, Macao Special Administrative Region",0
1061,2001,Colombia,0
1062,2001,Costa Rica,0
1063,2001,Croatia,0
1064,2001,Cyprus,0
1065,2001,Czechia,9
1066,2001,Denmark,5
1067,2001,Ecuador,0
1068,2001,El Salvador,0
1069,2001,Estonia,0
1070,2001,Finland,2
1071,2001,France,47
1072,2001,Georgia,4
1073,2001,Germany,17
1074,2001,Greece,1
1075,2001,Guam,0
1076,2001,Guatemala,0
1077,2001,Honduras,0
1078,2001,Hungary,5
1079,2001,Iceland,0
1080,2001,India,0
1081,2001,Indonesia,5
1082,2001,Iran (Islamic Republic of),0
1083,2001,Iraq,0
1084,2001,Ireland,0
1085,2001,Israel,0
1086,2001,Italy,27
1087,2001,Japan,14
1088,2001,Jordan,0
1089,2001,Kazakhstan,0
1090,2001,Kuwait,0
1091,2001,Latvia,0
1092,2001,Lebanon,0
1093,2001,Lithuania,0
1094,2001,Luxembourg,0
1095,2001,Malaysia,11
1096,2001,Mauritius,0
1097,2001,Mexico,1
1098,2001,Mongolia,0
1099,2001,Nepal,0
1100,2001,Netherlands,8
1101,2001,New Zealand,1
1102,2001,Nigeria,0
1103,2001,Norway,4
1104,2001,Pakistan,0
1105,2001,Peru,0
1106,2001,Philippines,4
1107,2001,Poland,7
1108,2001,Portugal,0
1109,2001,Puerto Rico,0
1110,2001,Republic of Korea,13
1111,2001,Romania,0
1112,2001,Russia,31
1113,2001,Saudi Arabia,0
1114,2001,Serbia,0
1115,2001,Singapore,0
1116,2001,Slovakia,3
1117,2001,Slovenia,17
1118,2001,South Africa,0
1119,2001,Spain,11
1120,2001,Sweden,9
1121,2001,Switzerland,14
1122,2001,Taiwan,5
1123,2001,Thailand,0
1124,2001,The former Yugoslav Republic of Macedonia,0
1125,2001,Turkey,0
1126,2001,Ukraine,13
1127,2001,United Kingdom,29
1128,2001,United States of America,12
1129,2001,Uzbekistan,0
1130,2001,Venezuela (Bolivarian Republic of),0
1131,2002,Andorra,0
1132,2002,Argentina,0
1133,2002,Australia,1
1134,2002,Austria,15
1135,2002,Azerbaijan,0
1136,2002,Belarus,2
1137,2002,Belgium,1
1138,2002,Botswana,0
1139,2002,Brazil,5
1140,2002,Brunei Darussalam,0
1141,2002,Bulgaria,0
1142,2002,Cambodia,0
1143,2002,Canada,2
1144,2002,Chile,0
1145,2002,China,6
1146,2002,"China, Hong Kong Special Administrative Region",6
1147,2002,"China, Macao Special Administrative Region",0
1148,2002,Colombia,0
1149,2002,Costa Rica,0
1150,2002,Croatia,1
1151,2002,Cyprus,0
1152,2002,Czechia,12
1153,2002,Denmark,2
1154,2002,Ecuador,0
1155,2002,El Salvador,0
1156,2002,Estonia,0
1157,2002,Finland,0
1158,2002,France,48
1159,2002,Georgia,5
1160,2002,Germany,15
1161,2002,Greece,1
1162,2002,Guam,0
1163,2002,Guatemala,0
1164,2002,Honduras,0
1165,2002,Hungary,4
1166,2002,Iceland,0
1167,2002,India,1
1168,2002,Indonesia,6
1169,2002,Iran (Islamic Republic of),4
1170,2002,Iraq,0
1171,2002,Ireland,0
1172,2002,Israel,0
1173,2002,Italy,32
1174,2002,Japan,11
1175,2002,Jordan,0
1176,2002,Kazakhstan,2
1177,2002,Kuwait,0
1178,2002,Latvia,0
1179,2002,Lebanon,0
1180,2002,Lithuania,0
1181,2002,Luxembourg,0
1182,2002,Malaysia,2
1183,2002,Mauritius,0
1184,2002,Mexico,0
1185,2002,Mongolia,0
1186,2002,Nepal,0
1187,2002,Netherlands,7
1188,2002,New Zealand,1
1189,2002,Nigeria,0
1190,2002,Norway,5
1191,2002,Pakistan,0
1192,2002,Peru,0
1193,2002,Philippines,6
1194,2002,Poland,1
1195,2002,Portugal,0
1196,2002,Puerto Rico,0
1197,2002,Republic of Korea,9
1198,2002,Romania,0
1199,2002,Russia,48
1200,2002,Saudi Arabia,0
1201,2002,Serbia,0
1202,2002,Singapore,0
1203,2002,Slovakia,2
1204,2002,Slovenia,17
1205,2002,South Africa,2
1206,2002,Spain,10
1207,2002,Sweden,5
1208,2002,Switzerland,15
1209,2002,Taiwan,4
1210,2002,Thailand,0
1211,2002,The former Yugoslav Republic of Macedonia,0
1212,2002,Turkey,0
1213,2002,Ukraine,20
1214,2002,United Kingdom,18
1215,2002,United States of America,11
1216,2002,Uzbekistan,0
1217,2002,Venezuela (Bolivarian Republic of),0
1218,2003,Andorra,0
1219,2003,Argentina,0
1220,2003,Australia,1
1221,2003,Austria,21
1222,2003,Azerbaijan,0
1223,2003,Belarus,0
1224,2003,Belgium,4
1225,2003,Botswana,0
1226,2003,Brazil,0
1227,2003,Brunei Darussalam,0
1228,2003,Bulgaria,1
1229,2003,Cambodia,0
1230,2003,Canada,3
1231,2003,Chile,0
1232,2003,China,19
1233,2003,"China, Hong Kong Special Administrative Region",14
1234,2003,"China, Macao Special Administrative Region",0
1235,2003,Colombia,0
1236,2003,Costa Rica,0
1237,2003,Croatia,0
1238,2003,Cyprus,0
1239,2003,Czechia,12
1240,2003,Denmark,0
1241,2003,Ecuador,0
1242,2003,El Salvador,0
1243,2003,Estonia,0
1244,2003,Finland,2
1245,2003,France,66
1246,2003,Georgia,1
1247,2003,Germany,18
1248,2003,Greece,1
1249,2003,Guam,0
1250,2003,Guatemala,0
1251,2003,Honduras,0
1252,2003,Hungary,2
1253,2003,Iceland,0
1254,2003,India,0
1255,2003,Indonesia,7
1256,2003,Iran (Islamic Republic of),0
1257,2003,Iraq,0
1258,2003,Ireland,0
1259,2003,Israel,1
1260,2003,Italy,34
1261,2003,Japan,12
1262,2003,Jordan,0
1263,2003,Kazakhstan,0
1264,2003,Kuwait,0
1265,2003,Latvia,0
1266,2003,Lebanon,0
1267,2003,Lithuania,0
1268,2003,Luxembourg,0
1269,2003,Malaysia,1
1270,2003,Mauritius,0
1271,2003,Mexico,0
1272,2003,Mongolia,3
1273,2003,Nepal,0
1274,2003,Netherlands,7
1275,2003,New Zealand,1
1276,2003,Nigeria,0
1277,2003,Norway,3
1278,2003,Pakistan,0
1279,2003,Peru,0
1280,2003,Philippines,6
1281,2003,Poland,3
1282,2003,Portugal,3
1283,2003,Puerto Rico,0
1284,2003,Republic of Korea,7
1285,2003,Romania,0
1286,2003,Russia,54
1287,2003,Saudi Arabia,0
1288,2003,Serbia,0
1289,2003,Singapore,0
1290,2003,Slovakia,9
1291,2003,Slovenia,23
1292,2003,South Africa,0
1293,2003,Spain,15
1294,2003,Sweden,9
1295,2003,Switzerland,13
1296,2003,Taiwan,6
1297,2003,Thailand,0
1298,2003,The former Yugoslav Republic of Macedonia,2
1299,2003,Turkey,0
1300,2003,Ukraine,15
1301,2003,United Kingdom,28
1302,2003,United States of America,10
1303,2003,Uzbekistan,0
1304,2003,Venezuela (Bolivarian Republic of),3
1305,2004,Andorra,0
1306,2004,Argentina,0
1307,2004,Australia,5
1308,2004,Austria,29
1309,2004,Azerbaijan,0
1310,2004,Belarus,1
1311,2004,Belgium,15
1312,2004,Botswana,0
1313,2004,Brazil,1
1314,2004,Brunei Darussalam,0
1315,2004,Bulgaria,0
1316,2004,Cambodia,0
1317,2004,Canada,0
1318,2004,Chile,0
1319,2004,China,21
1320,2004,"China, Hong Kong Special Administrative Region",11
1321,2004,"China, Macao Special Administrative Region",0
1322,2004,Colombia,0
1323,2004,Costa Rica,0
1324,2004,Croatia,0
1325,2004,Cyprus,0
1326,2004,Czechia,14
1327,2004,Denmark,6
1328,2004,Ecuador,0
1329,2004,El Salvador,0
1330,2004,Estonia,0
1331,2004,Finland,0
1332,2004,France,75
1333,2004,Georgia,0
1334,2004,Germany,21
1335,2004,Greece,6
1336,2004,Guam,0
1337,2004,Guatemala,0
1338,2004,Honduras,0
1339,2004,Hungary,1
1340,2004,Iceland,0
1341,2004,India,1
1342,2004,Indonesia,7
1343,2004,Iran (Islamic Republic of),0
1344,2004,Iraq,0
1345,2004,Ireland,0
1346,2004,Israel,1
1347,2004,Italy,30
1348,2004,Japan,13
1349,2004,Jordan,0
1350,2004,Kazakhstan,2
1351,2004,Kuwait,0
1352,2004,Latvia,0
1353,2004,Lebanon,0
1354,2004,Lithuania,0
1355,2004,Luxembourg,0
1356,2004,Malaysia,0
1357,2004,Mauritius,0
1358,2004,Mexico,0
1359,2004,Mongolia,0
1360,2004,Nepal,0
1361,2004,Netherlands,10
1362,2004,New Zealand,3
1363,2004,Nigeria,0
1364,2004,Norway,2
1365,2004,Pakistan,0
1366,2004,Peru,0
1367,2004,Philippines,8
1368,2004,Poland,13
1369,2004,Portugal,5
1370,2004,Puerto Rico,0
1371,2004,Republic of Korea,9
1372,2004,Romania,0
1373,2004,Russia,20
1374,2004,Saudi Arabia,0
1375,2004,Serbia,0
1376,2004,Singapore,0
1377,2004,Slovakia,9
1378,2004,Slovenia,20
1379,2004,South Africa,0
1380,2004,Spain,17
1381,2004,Sweden,9
1382,2004,Switzerland,12
1383,2004,Taiwan,6
1384,2004,Thailand,0
1385,2004,The former Yugoslav Republic of Macedonia,0
1386,2004,Turkey,0
1387,2004,Ukraine,11
1388,2004,United Kingdom,25
1389,2004,United States of America,8
1390,2004,Uzbekistan,0
1391,2004,Venezuela (Bolivarian Republic of),3
1392,2005,Andorra,0
1393,2005,Argentina,1
1394,2005,Australia,5
1395,2005,Austria,26
1396,2005,Azerbaijan,0
1397,2005,Belarus,3
1398,2005,Belgium,14
1399,2005,Botswana,0
1400,2005,Brazil,5
1401,2005,Brunei Darussalam,0
1402,2005,Bulgaria,12
1403,2005,Cambodia,0
1404,2005,Canada,0
1405,2005,Chile,0
1406,2005,China,12
1407,2005,"China, Hong Kong Special Administrative Region",6
1408,2005,"China, Macao Special Administrative Region",0
1409,2005,Colombia,0
1410,2005,Costa Rica,0
1411,2005,Croatia,3
1412,2005,Cyprus,0
1413,2005,Czechia,18
1414,2005,Denmark,3
1415,2005,Ecuador,0
1416,2005,El Salvador,0
1417,2005,Estonia,0
1418,2005,Finland,2
1419,2005,France,77
1420,2005,Georgia,0
1421,2005,Germany,23
1422,2005,Greece,0
1423,2005,Guam,0
1424,2005,Guatemala,0
1425,2005,Honduras,0
1426,2005,Hungary,2
1427,2005,Iceland,0
1428,2005,India,2
1429,2005,Indonesia,5
1430,2005,Iran (Islamic Republic of),0
1431,2005,Iraq,0
1432,2005,Ireland,0
1433,2005,Israel,0
1434,2005,Italy,21
1435,2005,Japan,17
1436,2005,Jordan,0
1437,2005,Kazakhstan,3
1438,2005,Kuwait,0
1439,2005,Latvia,0
1440,2005,Lebanon,0
1441,2005,Lithuania,0
1442,2005,Luxembourg,0
1443,2005,Malaysia,4
1444,2005,Mauritius,0
1445,2005,Mexico,0
1446,2005,Mongolia,0
1447,2005,Nepal,0
1448,2005,Netherlands,8
1449,2005,New Zealand,1
1450,2005,Nigeria,0
1451,2005,Norway,6
1452,2005,Pakistan,0
1453,2005,Peru,0
1454,2005,Philippines,0
1455,2005,Poland,8
1456,2005,Portugal,6
1457,2005,Puerto Rico,0
1458,2005,Republic of Korea,9
1459,2005,Romania,0
1460,2005,Russia,58
1461,2005,Saudi Arabia,0
1462,2005,Serbia,2
1463,2005,Singapore,0
1464,2005,Slovakia,6
1465,2005,Slovenia,17
1466,2005,South Africa,0
1467,2005,Spain,16
1468,2005,Sweden,11
1469,2005,Switzerland,15
1470,2005,Taiwan,3
1471,2005,Thailand,0
1472,2005,The former Yugoslav Republic of Macedonia,1
1473,2005,Turkey,0
1474,2005,Ukraine,26
1475,2005,United Kingdom,17
1476,2005,United States of America,9
1477,2005,Uzbekistan,0
1478,2005,Venezuela (Bolivarian Republic of),6
1479,2006,Andorra,0
1480,2006,Argentina,1
1481,2006,Australia,10
1482,2006,Austria,28
1483,2006,Azerbaijan,0
1484,2006,Belarus,1
1485,2006,Belgium,13
1486,2006,Botswana,0
1487,2006,Brazil,3
1488,2006,Brunei Darussalam,0
1489,2006,Bulgaria,14
1490,2006,Cambodia,0
1491,2006,Canada,2
1492,2006,Chile,0
1493,2006,China,16
1494,2006,"China, Hong Kong Special Administrative Region",4
1495,2006,"China, Macao Special Administrative Region",0
1496,2006,Colombia,0
1497,2006,Costa Rica,0
1498,2006,Croatia,6
1499,2006,Cyprus,0
1500,2006,Czechia,12
1501,2006,Denmark,2
1502,2006,Ecuador,1
1503,2006,El Salvador,0
1504,2006,Estonia,0
1505,2006,Finland,2
1506,2006,France,66
1507,2006,Georgia,0
1508,2006,Germany,22
1509,2006,Greece,4
1510,2006,Guam,0
1511,2006,Guatemala,0
1512,2006,Honduras,0
1513,2006,Hungary,2
1514,2006,Iceland,0
1515,2006,India,1
1516,2006,Indonesia,20
1517,2006,Iran (Islamic Republic of),0
1518,2006,Iraq,0
1519,2006,Ireland,0
1520,2006,Israel,0
1521,2006,Italy,27
1522,2006,Japan,14
1523,2006,Jordan,0
1524,2006,Kazakhstan,1
1525,2006,Kuwait,0
1526,2006,Latvia,0
1527,2006,Lebanon,0
1528,2006,Lithuania,0
1529,2006,Luxembourg,1
1530,2006,Malaysia,16
1531,2006,Mauritius,0
1532,2006,Mexico,0
1533,2006,Mongolia,0
1534,2006,Nepal,0
1535,2006,Netherlands,11
1536,2006,New Zealand,3
1537,2006,Nigeria,0
1538,2006,Norway,3
1539,2006,Pakistan,0
1540,2006,Peru,0
1541,2006,Philippines,4
1542,2006,Poland,8
1543,2006,Portugal,5
1544,2006,Puerto Rico,0
1545,2006,Republic of Korea,13
1546,2006,Romania,0
1547,2006,Russia,50
1548,2006,Saudi Arabia,0
1549,2006,Serbia,1
1550,2006,Singapore,0
1551,2006,Slovakia,8
1552,2006,Slovenia,16
1553,2006,South Africa,0
1554,2006,Spain,7
1555,2006,Sweden,11
1556,2006,Switzerland,13
1557,2006,Taiwan,2
1558,2006,Thailand,2
1559,2006,The former Yugoslav Republic of Macedonia,0
1560,2006,Turkey,6
1561,2006,Ukraine,28
1562,2006,United Kingdom,23
1563,2006,United States of America,2
1564,2006,Uzbekistan,0
1565,2006,Venezuela (Bolivarian Republic of),6
1566,2007,Andorra,0
1567,2007,Argentina,0
1568,2007,Australia,6
1569,2007,Austria,26
1570,2007,Azerbaijan,0
1571,2007,Belarus,0
1572,2007,Belgium,16
1573,2007,Botswana,0
1574,2007,Brazil,5
1575,2007,Brunei Darussalam,0
1576,2007,Bulgaria,7
1577,2007,Cambodia,0
1578,2007,Canada,1
1579,2007,Chile,0
1580,2007,China,15
1581,2007,"China, Hong Kong Special Administrative Region",4
1582,2007,"China, Macao Special Administrative Region",0
1583,2007,Colombia,0
1584,2007,Costa Rica,0
1585,2007,Croatia,3
1586,2007,Cyprus,0
1587,2007,Czechia,20
1588,2007,Denmark,0
1589,2007,Ecuador,0
1590,2007,El Salvador,0
1591,2007,Estonia,0
1592,2007,Finland,1
1593,2007,France,74
1594,2007,Georgia,0
1595,2007,Germany,21
1596,2007,Greece,3
1597,2007,Guam,0
1598,2007,Guatemala,0
1599,2007,Honduras,0
1600,2007,Hungary,4
1601,2007,Iceland,0
1602,2007,India,0
1603,2007,Indonesia,1
1604,2007,Iran (Islamic Republic of),11
1605,2007,Iraq,0
1606,2007,Ireland,0
1607,2007,Israel,0
1608,2007,Italy,22
1609,2007,Japan,26
1610,2007,Jordan,0
1611,2007,Kazakhstan,2
1612,2007,Kuwait,0
1613,2007,Latvia,0
1614,2007,Lebanon,0
1615,2007,Lithuania,0
1616,2007,Luxembourg,1
1617,2007,Malaysia,0
1618,2007,Mauritius,0
1619,2007,Mexico,5
1620,2007,Mongolia,0
1621,2007,Nepal,0
1622,2007,Netherlands,10
1623,2007,New Zealand,1
1624,2007,Nigeria,0
1625,2007,Norway,5
1626,2007,Pakistan,0
1627,2007,Peru,0
1628,2007,Philippines,0
1629,2007,Poland,22
1630,2007,Portugal,0
1631,2007,Puerto Rico,0
1632,2007,Republic of Korea,6
1633,2007,Romania,12
1634,2007,Russia,38
1635,2007,Saudi Arabia,0
1636,2007,Serbia,0
1637,2007,Singapore,0
1638,2007,Slovakia,7
1639,2007,Slovenia,15
1640,2007,South Africa,1
1641,2007,Spain,8
1642,2007,Sweden,4
1643,2007,Switzerland,14
1644,2007,Taiwan,5
1645,2007,Thailand,0
1646,2007,The former Yugoslav Republic of Macedonia,4
1647,2007,Turkey,6
1648,2007,Ukraine,30
1649,2007,United Kingdom,22
1650,2007,United States of America,4
1651,2007,Uzbekistan,0
1652,2007,Venezuela (Bolivarian Republic of),8
1653,2008,Andorra,0
1654,2008,Argentina,1
1655,2008,Australia,3
1656,2008,Austria,29
1657,2008,Azerbaijan,0
1658,2008,Belarus,4
1659,2008,Belgium,12
1660,2008,Botswana,0
1661,2008,Brazil,5
1662,2008,Brunei Darussalam,0
1663,2008,Bulgaria,7
1664,2008,Cambodia,0
1665,2008,Canada,20
1666,2008,Chile,0
1667,2008,China,15
1668,2008,"China, Hong Kong Special Administrative Region",0
1669,2008,"China, Macao Special Administrative Region",0
1670,2008,Colombia,0
1671,2008,Costa Rica,1
1672,2008,Croatia,0
1673,2008,Cyprus,0
1674,2008,Czechia,10
1675,2008,Denmark,0
1676,2008,Ecuador,0
1677,2008,El Salvador,0
1678,2008,Estonia,0
1679,2008,Finland,1
1680,2008,France,83
1681,2008,Georgia,0
1682,2008,Germany,15
1683,2008,Greece,1
1684,2008,Guam,0
1685,2008,Guatemala,0
1686,2008,Honduras,0
1687,2008,Hungary,5
1688,2008,Iceland,0
1689,2008,India,0
1690,2008,Indonesia,0
1691,2008,Iran (Islamic Republic of),0
1692,2008,Iraq,0
1693,2008,Ireland,0
1694,2008,Israel,0
1695,2008,Italy,18
1696,2008,Japan,15
1697,2008,Jordan,0
1698,2008,Kazakhstan,9
1699,2008,Kuwait,0
1700,2008,Latvia,2
1701,2008,Lebanon,0
1702,2008,Lithuania,0
1703,2008,Luxembourg,0
1704,2008,Malaysia,0
1705,2008,Mauritius,0
1706,2008,Mexico,2
1707,2008,Mongolia,0
1708,2008,Nepal,0
1709,2008,Netherlands,10
1710,2008,New Zealand,0
1711,2008,Nigeria,0
1712,2008,Norway,7
1713,2008,Pakistan,0
1714,2008,Peru,0
1715,2008,Philippines,0
1716,2008,Poland,12
1717,2008,Portugal,0
1718,2008,Puerto Rico,0
1719,2008,Republic of Korea,6
1720,2008,Romania,6
1721,2008,Russia,88
1722,2008,Saudi Arabia,0
1723,2008,Serbia,2
1724,2008,Singapore,0
1725,2008,Slovakia,4
1726,2008,Slovenia,17
1727,2008,South Africa,1
1728,2008,Spain,14
1729,2008,Sweden,3
1730,2008,Switzerland,16
1731,2008,Taiwan,0
1732,2008,Thailand,0
1733,2008,The former Yugoslav Republic of Macedonia,0
1734,2008,Turkey,1
1735,2008,Ukraine,29
1736,2008,United Kingdom,18
1737,2008,United States of America,26
1738,2008,Uzbekistan,0
1739,2008,Venezuela (Bolivarian Republic of),10
1740,2009,Andorra,2
1741,2009,Argentina,1
1742,2009,Australia,3
1743,2009,Austria,25
1744,2009,Azerbaijan,0
1745,2009,Belarus,1
1746,2009,Belgium,13
1747,2009,Botswana,0
1748,2009,Brazil,3
1749,2009,Brunei Darussalam,0
1750,2009,Bulgaria,4
1751,2009,Cambodia,0
1752,2009,Canada,9
1753,2009,Chile,1
1754,2009,China,9
1755,2009,"China, Hong Kong Special Administrative Region",2
1756,2009,"China, Macao Special Administrative Region",0
1757,2009,Colombia,0
1758,2009,Costa Rica,1
1759,2009,Croatia,1
1760,2009,Cyprus,0
1761,2009,Czechia,13
1762,2009,Denmark,0
1763,2009,Ecuador,0
1764,2009,El Salvador,0
1765,2009,Estonia,0
1766,2009,Finland,2
1767,2009,France,59
1768,2009,Georgia,0
1769,2009,Germany,18
1770,2009,Greece,1
1771,2009,Guam,0
1772,2009,Guatemala,0
1773,2009,Honduras,0
1774,2009,Hungary,11
1775,2009,Iceland,0
1776,2009,India,0
1777,2009,Indonesia,0
1778,2009,Iran (Islamic Republic of),0
1779,2009,Iraq,0
1780,2009,Ireland,0
1781,2009,Israel,4
1782,2009,Italy,21
1783,2009,Japan,26
1784,2009,Jordan,0
1785,2009,Kazakhstan,0
1786,2009,Kuwait,0
1787,2009,Latvia,1
1788,2009,Lebanon,0
1789,2009,Lithuania,0
1790,2009,Luxembourg,1
1791,2009,Malaysia,0
1792,2009,Mauritius,0
1793,2009,Mexico,2
1794,2009,Mongolia,0
1795,2009,Nepal,0
1796,2009,Netherlands,18
1797,2009,New Zealand,7
1798,2009,Nigeria,0
1799,2009,Norway,6
1800,2009,Pakistan,0
1801,2009,Peru,0
1802,2009,Philippines,0
1803,2009,Poland,19
1804,2009,Portugal,1
1805,2009,Puerto Rico,0
1806,2009,Republic of Korea,10
1807,2009,Romania,6
1808,2009,Russia,47
1809,2009,Saudi Arabia,0
1810,2009,Serbia,1
1811,2009,Singapore,0
1812,2009,Slovakia,10
1813,2009,Slovenia,15
1814,2009,South Africa,0
1815,2009,Spain,14
1816,2009,Sweden,9
1817,2009,Switzerland,17
1818,2009,Taiwan,0
1819,2009,Thailand,0
1820,2009,The former Yugoslav Republic of Macedonia,0
1821,2009,Turkey,6
1822,2009,Ukraine,22
1823,2009,United Kingdom,15
1824,2009,United States of America,26
1825,2009,Uzbekistan,0
1826,2009,Venezuela (Bolivarian Republic of),5
1827,2010,Andorra,0
1828,2010,Argentina,0
1829,2010,Australia,3
1830,2010,Austria,27
1831,2010,Azerbaijan,0
1832,2010,Belarus,6
1833,2010,Belgium,13
1834,2010,Botswana,0
1835,2010,Brazil,4
1836,2010,Brunei Darussalam,0
1837,2010,Bulgaria,4
1838,2010,Cambodia,0
1839,2010,Canada,13
1840,2010,Chile,4
1841,2010,China,21
1842,2010,"China, Hong Kong Special Administrative Region",2
1843,2010,"China, Macao Special Administrative Region",0
1844,2010,Colombia,2
1845,2010,Costa Rica,1
1846,2010,Croatia,1
1847,2010,Cyprus,0
1848,2010,Czechia,7
1849,2010,Denmark,1
1850,2010,Ecuador,2
1851,2010,El Salvador,0
1852,2010,Estonia,0
1853,2010,Finland,0
1854,2010,France,57
1855,2010,Georgia,0
1856,2010,Germany,16
1857,2010,Greece,2
1858,2010,Guam,0
1859,2010,Guatemala,0
1860,2010,Honduras,0
1861,2010,Hungary,8
1862,2010,Iceland,0
1863,2010,India,0
1864,2010,Indonesia,0
1865,2010,Iran (Islamic Republic of),5
1866,2010,Iraq,0
1867,2010,Ireland,1
1868,2010,Israel,1
1869,2010,Italy,25
1870,2010,Japan,26
1871,2010,Jordan,0
1872,2010,Kazakhstan,3
1873,2010,Kuwait,0
1874,2010,Latvia,1
1875,2010,Lebanon,0
1876,2010,Lithuania,2
1877,2010,Luxembourg,0
1878,2010,Malaysia,0
1879,2010,Mauritius,0
1880,2010,Mexico,0
1881,2010,Mongolia,0
1882,2010,Nepal,0
1883,2010,Netherlands,20
1884,2010,New Zealand,5
1885,2010,Nigeria,0
1886,2010,Norway,5
1887,2010,Pakistan,0
1888,2010,Peru,0
1889,2010,Philippines,0
1890,2010,Poland,21
1891,2010,Portugal,0
1892,2010,Puerto Rico,0
1893,2010,Republic of Korea,23
1894,2010,Romania,4
1895,2010,Russia,62
1896,2010,Saudi Arabia,0
1897,2010,Serbia,0
1898,2010,Singapore,0
1899,2010,Slovakia,7
1900,2010,Slovenia,14
1901,2010,South Africa,0
1902,2010,Spain,10
1903,2010,Sweden,6
1904,2010,Switzerland,22
1905,2010,Taiwan,2
1906,2010,Thailand,0
1907,2010,The former Yugoslav Republic of Macedonia,0
1908,2010,Turkey,0
1909,2010,Ukraine,24
1910,2010,United Kingdom,16
1911,2010,United States of America,23
1912,2010,Uzbekistan,0
1913,2010,Venezuela (Bolivarian Republic of),6
1914,2011,Andorra,0
1915,2011,Argentina,5
1916,2011,Australia,1
1917,2011,Austria,24
1918,2011,Azerbaijan,0
1919,2011,Belarus,0
1920,2011,Belgium,9
1921,2011,Botswana,0
1922,2011,Brazil,5
1923,2011,Brunei Darussalam,0
1924,2011,Bulgaria,1
1925,2011,Cambodia,0
1926,2011,Canada,28
1927,2011,Chile,1
1928,2011,China,19
1929,2011,"China, Hong Kong Special Administrative Region",3
1930,2011,"China, Macao Special Administrative Region",0
1931,2011,Colombia,1
1932,2011,Costa Rica,1
1933,2011,Croatia,0
1934,2011,Cyprus,0
1935,2011,Czechia,13
1936,2011,Denmark,0
1937,2011,Ecuador,5
1938,2011,El Salvador,0
1939,2011,Estonia,0
1940,2011,Finland,2
1941,2011,France,54
1942,2011,Georgia,2
1943,2011,Germany,27
1944,2011,Greece,0
1945,2011,Guam,0
1946,2011,Guatemala,0
1947,2011,Honduras,1
1948,2011,Hungary,6
1949,2011,Iceland,0
1950,2011,India,0
1951,2011,Indonesia,12
1952,2011,Iran (Islamic Republic of),0
1953,2011,Iraq,1
1954,2011,Ireland,2
1955,2011,Israel,4
1956,2011,Italy,24
1957,2011,Japan,31
1958,2011,Jordan,1
1959,2011,Kazakhstan,9
1960,2011,Kuwait,0
1961,2011,Latvia,1
1962,2011,Lebanon,2
1963,2011,Lithuania,3
1964,2011,Luxembourg,0
1965,2011,Malaysia,4
1966,2011,Mauritius,0
1967,2011,Mexico,7
1968,2011,Mongolia,0
1969,2011,Nepal,0
1970,2011,Netherlands,17
1971,2011,New Zealand,0
1972,2011,Nigeria,0
1973,2011,Norway,4
1974,2011,Pakistan,0
1975,2011,Peru,0
1976,2011,Philippines,0
1977,2011,Poland,15
1978,2011,Portugal,2
1979,2011,Puerto Rico,0
1980,2011,Republic of Korea,10
1981,2011,Romania,0
1982,2011,Russia,52
1983,2011,Saudi Arabia,0
1984,2011,Serbia,1
1985,2011,Singapore,0
1986,2011,Slovakia,8
1987,2011,Slovenia,18
1988,2011,South Africa,3
1989,2011,Spain,17
1990,2011,Sweden,5
1991,2011,Switzerland,20
1992,2011,Taiwan,5
1993,2011,Thailand,2
1994,2011,The former Yugoslav Republic of Macedonia,1
1995,2011,Turkey,4
1996,2011,Ukraine,25
1997,2011,United Kingdom,19
1998,2011,United States of America,50
1999,2011,Uzbekistan,0
2000,2011,Venezuela (Bolivarian Republic of),3
2001,2012,Andorra,0
2002,2012,Argentina,2
2003,2012,Australia,2
2004,2012,Austria,27
2005,2012,Azerbaijan,7
2006,2012,Belarus,0
2007,2012,Belgium,10
2008,2012,Botswana,0
2009,2012,Brazil,0
2010,2012,Brunei Darussalam,0
2011,2012,Bulgaria,0
2012,2012,Cambodia,0
2013,2012,Canada,15
2014,2012,Chile,1
2015,2012,China,18
2016,2012,"China, Hong Kong Special Administrative Region",3
2017,2012,"China, Macao Special Administrative Region",0
2018,2012,Colombia,0
2019,2012,Costa Rica,0
2020,2012,Croatia,0
2021,2012,Cyprus,0
2022,2012,Czechia,15
2023,2012,Denmark,2
2024,2012,Ecuador,4
2025,2012,El Salvador,0
2026,2012,Estonia,0
2027,2012,Finland,4
2028,2012,France,49
2029,2012,Georgia,0
2030,2012,Germany,33
2031,2012,Greece,1
2032,2012,Guam,0
2033,2012,Guatemala,0
2034,2012,Honduras,0
2035,2012,Hungary,4
2036,2012,Iceland,0
2037,2012,India,0
2038,2012,Indonesia,5
2039,2012,Iran (Islamic Republic of),1
2040,2012,Iraq,0
2041,2012,Ireland,0
2042,2012,Israel,1
2043,2012,Italy,17
2044,2012,Japan,39
2045,2012,Jordan,0
2046,2012,Kazakhstan,1
2047,2012,Kuwait,0
2048,2012,Latvia,0
2049,2012,Lebanon,0
2050,2012,Lithuania,3
2051,2012,Luxembourg,0
2052,2012,Malaysia,2
2053,2012,Mauritius,0
2054,2012,Mexico,8
2055,2012,Mongolia,3
2056,2012,Nepal,0
2057,2012,Netherlands,11
2058,2012,New Zealand,0
2059,2012,Nigeria,0
2060,2012,Norway,5
2061,2012,Pakistan,0
2062,2012,Peru,0
2063,2012,Philippines,0
2064,2012,Poland,15
2065,2012,Portugal,0
2066,2012,Puerto Rico,0
2067,2012,Republic of Korea,23
2068,2012,Romania,2
2069,2012,Russia,47
2070,2012,Saudi Arabia,0
2071,2012,Serbia,1
2072,2012,Singapore,0
2073,2012,Slovakia,9
2074,2012,Slovenia,16
2075,2012,South Africa,0
2076,2012,Spain,9
2077,2012,Sweden,5
2078,2012,Switzerland,16
2079,2012,Taiwan,3
2080,2012,Thailand,1
2081,2012,The former Yugoslav Republic of Macedonia,0
2082,2012,Turkey,0
2083,2012,Ukraine,15
2084,2012,United Kingdom,18
2085,2012,United States of America,43
2086,2012,Uzbekistan,0
2087,2012,Venezuela (Bolivarian Republic of),3
2088,2013,Andorra,0
2089,2013,Argentina,1
2090,2013,Australia,4
2091,2013,Austria,27
2092,2013,Azerbaijan,17
2093,2013,Belarus,0
2094,2013,Belgium,10
2095,2013,Botswana,0
2096,2013,Brazil,3
2097,2013,Brunei Darussalam,0
2098,2013,Bulgaria,0
2099,2013,Cambodia,0
2100,2013,Canada,24
2101,2013,Chile,4
2102,2013,China,20
2103,2013,"China, Hong Kong Special Administrative Region",1
2104,2013,"China, Macao Special Administrative Region",0
2105,2013,Colombia,0
2106,2013,Costa Rica,0
2107,2013,Croatia,0
2108,2013,Cyprus,0
2109,2013,Czechia,14
2110,2013,Denmark,0
2111,2013,Ecuador,0
2112,2013,El Salvador,0
2113,2013,Estonia,0
2114,2013,Finland,4
2115,2013,France,46
2116,2013,Georgia,4
2117,2013,Germany,30
2118,2013,Greece,0
2119,2013,Guam,0
2120,2013,Guatemala,0
2121,2013,Honduras,0
2122,2013,Hungary,1
2123,2013,Iceland,0
2124,2013,India,2
2125,2013,Indonesia,3
2126,2013,Iran (Islamic Republic of),3
2127,2013,Iraq,0
2128,2013,Ireland,0
2129,2013,Israel,4
2130,2013,Italy,23
2131,2013,Japan,29
2132,2013,Jordan,0
2133,2013,Kazakhstan,5
2134,2013,Kuwait,0
2135,2013,Latvia,1
2136,2013,Lebanon,0
2137,2013,Lithuania,8
2138,2013,Luxembourg,0
2139,2013,Malaysia,3
2140,2013,Mauritius,0
2141,2013,Mexico,7
2142,2013,Mongolia,0
2143,2013,Nepal,0
2144,2013,Netherlands,12
2145,2013,New Zealand,0
2146,2013,Nigeria,0
2147,2013,Norway,5
2148,2013,Pakistan,1
2149,2013,Peru,1
2150,2013,Philippines,0
2151,2013,Poland,15
2152,2013,Portugal,1
2153,2013,Puerto Rico,0
2154,2013,Republic of Korea,28
2155,2013,Romania,0
2156,2013,Russia,73
2157,2013,Saudi Arabia,0
2158,2013,Serbia,2
2159,2013,Singapore,0
2160,2013,Slovakia,3
2161,2013,Slovenia,19
2162,2013,South Africa,0
2163,2013,Spain,9
2164,2013,Sweden,8
2165,2013,Switzerland,19
2166,2013,Taiwan,0
2167,2013,Thailand,2
2168,2013,The former Yugoslav Republic of Macedonia,1
2169,2013,Turkey,0
2170,2013,Ukraine,22
2171,2013,United Kingdom,17
2172,2013,United States of America,29
2173,2013,Uzbekistan,0
2174,2013,Venezuela (Bolivarian Republic of),3
2175,2014,Andorra,0
2176,2014,Argentina,0
2177,2014,Australia,5
2178,2014,Austria,32
2179,2014,Azerbaijan,10
2180,2014,Belarus,0
2181,2014,Belgium,8
2182,2014,Botswana,0
2183,2014,Brazil,0
2184,2014,Brunei Darussalam,0
2185,2014,Bulgaria,1
2186,2014,Cambodia,0
2187,2014,Canada,30
2188,2014,Chile,0
2189,2014,China,14
2190,2014,"China, Hong Kong Special Administrative Region",5
2191,2014,"China, Macao Special Administrative Region",0
2192,2014,Colombia,0
2193,2014,Costa Rica,0
2194,2014,Croatia,0
2195,2014,Cyprus,0
2196,2014,Czechia,17
2197,2014,Denmark,2
2198,2014,Ecuador,8
2199,2014,El Salvador,0
2200,2014,Estonia,0
2201,2014,Finland,0
2202,2014,France,46
2203,2014,Georgia,10
2204,2014,Germany,19
2205,2014,Greece,0
2206,2014,Guam,0
2207,2014,Guatemala,0
2208,2014,Honduras,0
2209,2014,Hungary,0
2210,2014,Iceland,0
2211,2014,India,0
2212,2014,Indonesia,8
2213,2014,Iran (Islamic Republic of),12
2214,2014,Iraq,0
2215,2014,Ireland,4
2216,2014,Israel,6
2217,2014,Italy,29
2218,2014,Japan,41
2219,2014,Jordan,0
2220,2014,Kazakhstan,3
2221,2014,Kuwait,0
2222,2014,Latvia,2
2223,2014,Lebanon,0
2224,2014,Lithuania,3
2225,2014,Luxembourg,0
2226,2014,Malaysia,0
2227,2014,Mauritius,0
2228,2014,Mexico,5
2229,2014,Mongolia,0
2230,2014,Nepal,2
2231,2014,Netherlands,7
2232,2014,New Zealand,0
2233,2014,Nigeria,0
2234,2014,Norway,6
2235,2014,Pakistan,0
2236,2014,Peru,0
2237,2014,Philippines,0
2238,2014,Poland,24
2239,2014,Portugal,1
2240,2014,Puerto Rico,0
2241,2014,Republic of Korea,32
2242,2014,Romania,5
2243,2014,Russia,48
2244,2014,Saudi Arabia,0
2245,2014,Serbia,2
2246,2014,Singapore,0
2247,2014,Slovakia,5
2248,2014,Slovenia,16
2249,2014,South Africa,0
2250,2014,Spain,11
2251,2014,Sweden,9
2252,2014,Switzerland,22
2253,2014,Taiwan,1
2254,2014,Thailand,9
2255,2014,The former Yugoslav Republic of Macedonia,0
2256,2014,Turkey,5
2257,2014,Ukraine,9
2258,2014,United Kingdom,18
2259,2014,United States of America,36
2260,2014,Uzbekistan,0
2261,2014,Venezuela (Bolivarian Republic of),0
2262,2015,Andorra,0
2263,2015,Argentina,5
2264,2015,Australia,11
2265,2015,Austria,30
2266,2015,Azerbaijan,2
2267,2015,Belarus,0
2268,2015,Belgium,17
2269,2015,Botswana,0
2270,2015,Brazil,2
2271,2015,Brunei Darussalam,0
2272,2015,Bulgaria,3
2273,2015,Cambodia,0
2274,2015,Canada,52
2275,2015,Chile,1
2276,2015,China,15
2277,2015,"China, Hong Kong Special Administrative Region",5
2278,2015,"China, Macao Special Administrative Region",0
2279,2015,Colombia,1
2280,2015,Costa Rica,0
2281,2015,Croatia,3
2282,2015,Cyprus,2
2283,2015,Czechia,19
2284,2015,Denmark,3
2285,2015,Ecuador,4
2286,2015,El Salvador,0
2287,2015,Estonia,0
2288,2015,Finland,0
2289,2015,France,40
2290,2015,Georgia,0
2291,2015,Germany,36
2292,2015,Greece,0
2293,2015,Guam,0
2294,2015,Guatemala,2
2295,2015,Honduras,0
2296,2015,Hungary,2
2297,2015,Iceland,0
2298,2015,India,0
2299,2015,Indonesia,0
2300,2015,Iran (Islamic Republic of),11
2301,2015,Iraq,0
2302,2015,Ireland,1
2303,2015,Israel,7
2304,2015,Italy,29
2305,2015,Japan,34
2306,2015,Jordan,0
2307,2015,Kazakhstan,7
2308,2015,Kuwait,0
2309,2015,Latvia,2
2310,2015,Lebanon,0
2311,2015,Lithuania,4
2312,2015,Luxembourg,1
2313,2015,Malaysia,0
2314,2015,Mauritius,0
2315,2015,Mexico,7
2316,2015,Mongolia,0
2317,2015,Nepal,0
2318,2015,Netherlands,9
2319,2015,New Zealand,0
2320,2015,Nigeria,0
2321,2015,Norway,30
2322,2015,Pakistan,0
2323,2015,Peru,0
2324,2015,Philippines,0
2325,2015,Poland,21
2326,2015,Portugal,0
2327,2015,Puerto Rico,0
2328,2015,Republic of Korea,18
2329,2015,Romania,1
2330,2015,Russia,38
2331,2015,Saudi Arabia,0
2332,2015,Serbia,1
2333,2015,Singapore,0
2334,2015,Slovakia,2
2335,2015,Slovenia,18
2336,2015,South Africa,2
2337,2015,Spain,13
2338,2015,Sweden,8
2339,2015,Switzerland,22
2340,2015,Taiwan,1
2341,2015,Thailand,1
2342,2015,The former Yugoslav Republic of Macedonia,0
2343,2015,Turkey,5
2344,2015,Ukraine,12
2345,2015,United Kingdom,16
2346,2015,United States of America,41
2347,2015,Uzbekistan,0
2348,2015,Venezuela (Bolivarian Republic of),0
2349,2016,Andorra,0
2350,2016,Argentina,0
2351,2016,Australia,9
2352,2016,Austria,35
2353,2016,Azerbaijan,0
2354,2016,Belarus,0
2355,2016,Belgium,12
2356,2016,Botswana,1
2357,2016,Brazil,1
2358,2016,Brunei Darussalam,1
2359,2016,Bulgaria,7
2360,2016,Cambodia,0
2361,2016,Canada,28
2362,2016,Chile,1
2363,2016,China,26
2364,2016,"China, Hong Kong Special Administrative Region",7
2365,2016,"China, Macao Special Administrative Region",1
2366,2016,Colombia,0
2367,2016,Costa Rica,0
2368,2016,Croatia,5
2369,2016,Cyprus,1
2370,2016,Czechia,20
2371,2016,Denmark,6
2372,2016,Ecuador,2
2373,2016,El Salvador,0
2374,2016,Estonia,0
2375,2016,Finland,3
2376,2016,France,45
2377,2016,Georgia,0
2378,2016,Germany,32
2379,2016,Greece,1
2380,2016,Guam,0
2381,2016,Guatemala,4
2382,2016,Honduras,0
2383,2016,Hungary,1
2384,2016,Iceland,0
2385,2016,India,17
2386,2016,Indonesia,5
2387,2016,Iran (Islamic Republic of),17
2388,2016,Iraq,0
2389,2016,Ireland,2
2390,2016,Israel,9
2391,2016,Italy,50
2392,2016,Japan,57
2393,2016,Jordan,0
2394,2016,Kazakhstan,1
2395,2016,Kuwait,0
2396,2016,Latvia,2
2397,2016,Lebanon,0
2398,2016,Lithuania,5
2399,2016,Luxembourg,0
2400,2016,Malaysia,0
2401,2016,Mauritius,0
2402,2016,Mexico,0
2403,2016,Mongolia,2
2404,2016,Nepal,4
2405,2016,Netherlands,8
2406,2016,New Zealand,0
2407,2016,Nigeria,0
2408,2016,Norway,8
2409,2016,Pakistan,2
2410,2016,Peru,0
2411,2016,Philippines,0
2412,2016,Poland,21
2413,2016,Portugal,4
2414,2016,Puerto Rico,0
2415,2016,Republic of Korea,13
2416,2016,Romania,8
2417,2016,Russia,34
2418,2016,Saudi Arabia,0
2419,2016,Serbia,1
2420,2016,Singapore,0
2421,2016,Slovakia,3
2422,2016,Slovenia,20
2423,2016,South Africa,1
2424,2016,Spain,13
2425,2016,Sweden,8
2426,2016,Switzerland,24
2427,2016,Taiwan,3
2428,2016,Thailand,0
2429,2016,The former Yugoslav Republic of Macedonia,1
2430,2016,Turkey,5
2431,2016,Ukraine,13
2432,2016,United Kingdom,14
2433,2016,United States of America,50
2434,2016,Uzbekistan,0
2435,2016,Venezuela (Bolivarian Republic of),0
2436,2017,Andorra,0
2437,2017,Argentina,5
2438,2017,Australia,12
2439,2017,Austria,28
2440,2017,Azerbaijan,0
2441,2017,Belarus,0
2442,2017,Belgium,14
2443,2017,Botswana,0
2444,2017,Brazil,4
2445,2017,Brunei Darussalam,0
2446,2017,Bulgaria,5
2447,2017,Cambodia,0
2448,2017,Canada,31
2449,2017,Chile,3
2450,2017,China,24
2451,2017,"China, Hong Kong Special Administrative Region",9
2452,2017,"China, Macao Special Administrative Region",2
2453,2017,Colombia,0
2454,2017,Costa Rica,0
2455,2017,Croatia,5
2456,2017,Cyprus,2
2457,2017,Czechia,20
2458,2017,Denmark,8
2459,2017,Ecuador,11
2460,2017,El Salvador,0
2461,2017,Estonia,0
2462,2017,Finland,3
2463,2017,France,45
2464,2017,Georgia,0
2465,2017,Germany,36
2466,2017,Greece,2
2467,2017,Guam,0
2468,2017,Guatemala,0
2469,2017,Honduras,0
2470,2017,Hungary,4
2471,2017,Iceland,0
2472,2017,India,16
2473,2017,Indonesia,19
2474,2017,Iran (Islamic Republic of),22
2475,2017,Iraq,0
2476,2017,Ireland,1
2477,2017,Israel,11
2478,2017,Italy,44
2479,2017,Japan,50
2480,2017,Jordan,0
2481,2017,Kazakhstan,9
2482,2017,Kuwait,0
2483,2017,Latvia,7
2484,2017,Lebanon,0
2485,2017,Lithuania,4
2486,2017,Luxembourg,1
2487,2017,Malaysia,0
2488,2017,Mauritius,0
2489,2017,Mexico,0
2490,2017,Mongolia,0
2491,2017,Nepal,5
2492,2017,Netherlands,1
2493,2017,New Zealand,0
2494,2017,Nigeria,0
2495,2017,Norway,12
2496,2017,Pakistan,0
2497,2017,Peru,0
2498,2017,Philippines,0
2499,2017,Poland,19
2500,2017,Portugal,5
2501,2017,Puerto Rico,0
2502,2017,Republic of Korea,22
2503,2017,Romania,3
2504,2017,Russia,47
2505,2017,Saudi Arabia,0
2506,2017,Serbia,1
2507,2017,Singapore,0
2508,2017,Slovakia,3
2509,2017,Slovenia,22
2510,2017,South Africa,5
2511,2017,Spain,12
2512,2017,Sweden,10
2513,2017,Switzerland,24
2514,2017,Taiwan,3
2515,2017,Thailand,9
2516,2017,The former Yugoslav Republic of Macedonia,1
2517,2017,Turkey,7
2518,2017,Ukraine,19
2519,2017,United Kingdom,29
2520,2017,United States of America,69
2521,2017,Uzbekistan,0
2522,2017,Venezuela (Bolivarian Republic of),0
2523,2018,Andorra,0
2524,2018,Argentina,2
2525,2018,Australia,16
2526,2018,Austria,32
2527,2018,Azerbaijan,0
2528,2018,Belarus,7
2529,2018,Belgium,15
2530,2018,Botswana,0
2531,2018,Brazil,8
2532,2018,Brunei Darussalam,0
2533,2018,Bulgaria,3
2534,2018,Cambodia,0
2535,2018,Canada,30
2536,2018,Chile,6
2537,2018,China,27
2538,2018,"China, Hong Kong Special Administrative Region",9
2539,2018,"China, Macao Special Administrative Region",1
2540,2018,Colombia,0
2541,2018,Costa Rica,0
2542,2018,Croatia,1
2543,2018,Cyprus,0
2544,2018,Czechia,21
2545,2018,Denmark,4
2546,2018,Ecuador,5
2547,2018,El Salvador,0
2548,2018,Estonia,2
2549,2018,Finland,0
2550,2018,France,48
2551,2018,Georgia,0
2552,2018,Germany,30
2553,2018,Greece,0
2554,2018,Guam,0
2555,2018,Guatemala,0
2556,2018,Honduras,0
2557,2018,Hungary,2
2558,2018,Iceland,0
2559,2018,India,0
2560,2018,Indonesia,16
2561,2018,Iran (Islamic Republic of),17
2562,2018,Iraq,0
2563,2018,Ireland,2
2564,2018,Israel,12
2565,2018,Italy,41
2566,2018,Japan,50
2567,2018,Jordan,0
2568,2018,Kazakhstan,10
2569,2018,Kuwait,0
2570,2018,Latvia,9
2571,2018,Lebanon,0
2572,2018,Lithuania,2
2573,2018,Luxembourg,2
2574,2018,Malaysia,0
2575,2018,Mauritius,0
2576,2018,Mexico,0
2577,2018,Mongolia,0
2578,2018,Nepal,0
2579,2018,Netherlands,9
2580,2018,New Zealand,6
2581,2018,Nigeria,0
2582,2018,Norway,5
2583,2018,Pakistan,0
2584,2018,Peru,1
2585,2018,Philippines,0
2586,2018,Poland,16
2587,2018,Portugal,3
2588,2018,Puerto Rico,1
2589,2018,Republic of Korea,17
2590,2018,Romania,0
2591,2018,Russia,80
2592,2018,Saudi Arabia,0
2593,2018,Serbia,1
2594,2018,Singapore,13
2595,2018,Slovakia,6
2596,2018,Slovenia,21
2597,2018,South Africa,1
2598,2018,Spain,17
2599,2018,Sweden,10
2600,2018,Switzerland,22
2601,2018,Taiwan,5
2602,2018,Thailand,4
2603,2018,The former Yugoslav Republic of Macedonia,0
2604,2018,Turkey,11
2605,2018,Ukraine,19
2606,2018,United Kingdom,23
2607,2018,United States of America,55
2608,2018,Uzbekistan,0
2609,2018,Venezuela (Bolivarian Republic of),0
2610,2019,Andorra,0
2611,2019,Argentina,2
2612,2019,Australia,14
2613,2019,Austria,31
2614,2019,Azerbaijan,0
2615,2019,Belarus,10
2616,2019,Belgium,17
2617,2019,Botswana,0
2618,2019,Brazil,3
2619,2019,Brunei Darussalam,0
2620,2019,Bulgaria,1
2621,2019,Cambodia,0
2622,2019,Canada,17
2623,2019,Chile,7
2624,2019,China,27
2625,2019,"China, Hong Kong Special Administrative Region",9
2626,2019,"China, Macao Special Administrative Region",1
2627,2019,Colombia,0
2628,2019,Costa Rica,0
2629,2019,Croatia,0
2630,2019,Cyprus,0
2631,2019,Czechia,18
2632,2019,Denmark,4
2633,2019,Ecuador,4
2634,2019,El Salvador,0
2635,2019,Estonia,4
2636,2019,Finland,4
2637,2019,France,39
2638,2019,Georgia,3
2639,2019,Germany,25
2640,2019,Greece,5
2641,2019,Guam,0
2642,2019,Guatemala,3
2643,2019,Honduras,0
2644,2019,Hungary,3
2645,2019,Iceland,0
2646,2019,India,4
2647,2019,Indonesia,12
2648,2019,Iran (Islamic Republic of),14
2649,2019,Iraq,0
2650,2019,Ireland,0
2651,2019,Israel,11
2652,2019,Italy,19
2653,2019,Japan,38
2654,2019,Jordan,0
2655,2019,Kazakhstan,7
2656,2019,Kuwait,0
2657,2019,Latvia,0
2658,2019,Lebanon,0
2659,2019,Lithuania,2
2660,2019,Luxembourg,0
2661,2019,Malaysia,2
2662,2019,Mauritius,0
2663,2019,Mexico,5
2664,2019,Mongolia,0
2665,2019,Nepal,0
2666,2019,Netherlands,13
2667,2019,New Zealand,5
2668,2019,Nigeria,0
2669,2019,Norway,3
2670,2019,Pakistan,0
2671,2019,Peru,5
2672,2019,Philippines,0
2673,2019,Poland,6
2674,2019,Portugal,3
2675,2019,Puerto Rico,0
2676,2019,Republic of Korea,12
2677,2019,Romania,2
2678,2019,Russia,45
2679,2019,Saudi Arabia,0
2680,2019,Serbia,0
2681,2019,Singapore,1
2682,2019,Slovakia,6
2683,2019,Slovenia,22
2684,2019,South Africa,3
2685,2019,Spain,13
2686,2019,Sweden,7
2687,2019,Switzerland,22
2688,2019,Taiwan,4
2689,2019,Thailand,5
2690,2019,The former Yugoslav Republic of Macedonia,0
2691,2019,Turkey,0
2692,2019,Ukraine,10
2693,2019,United Kingdom,18
2694,2019,United States of America,28
2695,2019,Uzbekistan,0
2696,2019,Venezuela (Bolivarian Republic of),0
2697,2020,Andorra,0
2698,2020,Argentina,0
2699,2020,Australia,0
2700,2020,Austria,9
2701,2020,Azerbaijan,0
2702,2020,Belarus,0
2703,2020,Belgium,7
2704,2020,Botswana,0
2705,2020,Brazil,1
2706,2020,Brunei Darussalam,0
2707,2020,Bulgaria,0
2708,2020,Cambodia,0
2709,2020,Canada,0
2710,2020,Chile,0
2711,2020,China,0
2712,2020,"China, Hong Kong Special Administrative Region",0
2713,2020,"China, Macao Special Administrative Region",0
2714,2020,Colombia,0
2715,2020,Costa Rica,0
2716,2020,Croatia,0
2717,2020,Cyprus,0
2718,2020,Czechia,10
2719,2020,Denmark,0
2720,2020,Ecuador,0
2721,2020,El Salvador,0
2722,2020,Estonia,0
2723,2020,Finland,0
2724,2020,France,20
2725,2020,Georgia,0
2726,2020,Germany,11
2727,2020,Greece,0
2728,2020,Guam,0
2729,2020,Guatemala,0
2730,2020,Honduras,0
2731,2020,Hungary,0
2732,2020,Iceland,0
2733,2020,India,0
2734,2020,Indonesia,0
2735,2020,Iran (Islamic Republic of),0
2736,2020,Iraq,0
2737,2020,Ireland,0
2738,2020,Israel,0
2739,2020,Italy,10
2740,2020,Japan,0
2741,2020,Jordan,0
2742,2020,Kazakhstan,1
2743,2020,Kuwait,0
2744,2020,Latvia,0
2745,2020,Lebanon,0
2746,2020,Lithuania,0
2747,2020,Luxembourg,0
2748,2020,Malaysia,0
2749,2020,Mauritius,0
2750,2020,Mexico,0
2751,2020,Mongolia,0
2752,2020,Nepal,0
2753,2020,Netherlands,0
2754,2020,New Zealand,0
2755,2020,Nigeria,0
2756,2020,Norway,0
2757,2020,Pakistan,0
2758,2020,Peru,0
2759,2020,Philippines,0
2760,2020,Poland,0
2761,2020,Portugal,0
2762,2020,Puerto Rico,0
2763,2020,Republic of Korea,0
2764,2020,Romania,0
2765,2020,Russia,0
2766,2020,Saudi Arabia,0
2767,2020,Serbia,1
2768,2020,Singapore,0
2769,2020,Slovakia,0
2770,2020,Slovenia,11
2771,2020,South Africa,0
2772,2020,Spain,6
2773,2020,Sweden,0
2774,2020,Switzerland,0
2775,2020,Taiwan,0
2776,2020,Thailand,0
2777,2020,The former Yugoslav Republic of Macedonia,0
2778,2020,Turkey,0
2779,2020,Ukraine,0
2780,2020,United Kingdom,0
2781,2020,United States of America,0
2782,2020,Uzbekistan,0
2783,2020,Venezuela (Bolivarian Republic of),0
2784,2021,Andorra,0
2785,2021,Argentina,1
2786,2021,Australia,2
2787,2021,Austria,32
2788,2021,Azerbaijan,0
2789,2021,Belarus,0
2790,2021,Belgium,9
2791,2021,Botswana,0
2792,2021,Brazil,2
2793,2021,Brunei Darussalam,0
2794,2021,Bulgaria,3
2795,2021,Cambodia,0
2796,2021,Canada,7
2797,2021,Chile,3
2798,2021,China,0
2799,2021,"China, Hong Kong Special Administrative Region",0
2800,2021,"China, Macao Special Administrative Region",0
2801,2021,Colombia,0
2802,2021,Costa Rica,0
2803,2021,Croatia,1
2804,2021,Cyprus,0
2805,2021,Czechia,17
2806,2021,Denmark,6
2807,2021,Ecuador,4
2808,2021,El Salvador,0
2809,2021,Estonia,0
2810,2021,Finland,5
2811,2021,France,36
2812,2021,Georgia,0
2813,2021,Germany,28
2814,2021,Greece,7
2815,2021,Guam,0
2816,2021,Guatemala,0
2817,2021,Honduras,0
2818,2021,Hungary,7
2819,2021,Iceland,0
2820,2021,India,0
2821,2021,Indonesia,11
2822,2021,Iran (Islamic Republic of),4
2823,2021,Iraq,0
2824,2021,Ireland,0
2825,2021,Israel,18
2826,2021,Italy,28
2827,2021,Japan,30
2828,2021,Jordan,0
2829,2021,Kazakhstan,6
2830,2021,Kuwait,0
2831,2021,Latvia,7
2832,2021,Lebanon,0
2833,2021,Lithuania,7
2834,2021,Luxembourg,1
2835,2021,Malaysia,0
2836,2021,Mauritius,1
2837,2021,Mexico,0
2838,2021,Mongolia,0
2839,2021,Nepal,0
2840,2021,Netherlands,10
2841,2021,New Zealand,0
2842,2021,Nigeria,0
2843,2021,Norway,9
2844,2021,Pakistan,0
2845,2021,Peru,0
2846,2021,Philippines,0
2847,2021,Poland,9
2848,2021,Portugal,0
2849,2021,Puerto Rico,1
2850,2021,Republic of Korea,3
2851,2021,Romania,4
2852,2021,Russia,30
2853,2021,Saudi Arabia,0
2854,2021,Serbia,2
2855,2021,Singapore,0
2856,2021,Slovakia,6
2857,2021,Slovenia,24
2858,2021,South Africa,3
2859,2021,Spain,14
2860,2021,Sweden,9
2861,2021,Switzerland,18
2862,2021,Taiwan,0
2863,2021,Thailand,0
2864,2021,The former Yugoslav Republic of Macedonia,0
2865,2021,Turkey,0
2866,2021,Ukraine,13
2867,2021,United Kingdom,15
2868,2021,United States of America,43
2869,2021,Uzbekistan,0
2870,2021,Venezuela (Bolivarian Republic of),0
2871,2022,Andorra,0
2872,2022,Argentina,8
2873,2022,Australia,13
2874,2022,Austria,28
2875,2022,Azerbaijan,0
2876,2022,Belarus,0
2877,2022,Belgium,5
2878,2022,Botswana,0
2879,2022,Brazil,7
2880,2022,Brunei Darussalam,0
2881,2022,Bulgaria,6
2882,2022,Cambodia,0
2883,2022,Canada,24
2884,2022,Chile,7
2885,2022,China,22
2886,2022,"China, Hong Kong Special Administrative Region",9
2887,2022,"China, Macao Special Administrative Region",0
2888,2022,Colombia,0
2889,2022,Costa Rica,0
2890,2022,Croatia,2
2891,2022,Cyprus,0
2892,2022,Czechia,10
2893,2022,Denmark,4
2894,2022,Ecuador,5
2895,2022,El Salvador,0
2896,2022,Estonia,0
2897,2022,Finland,8
2898,2022,France,42
2899,2022,Georgia,0
2900,2022,Germany,28
2901,2022,Greece,6
2902,2022,Guam,0
2903,2022,Guatemala,0
2904,2022,Honduras,0
2905,2022,Hungary,3
2906,2022,Iceland,0
2907,2022,India,5
2908,2022,Indonesia,42
2909,2022,Iran (Islamic Republic of),10
2910,2022,Iraq,0
2911,2022,Ireland,4
2912,2022,Israel,15
2913,2022,Italy,29
2914,2022,Japan,45
2915,2022,Jordan,0
2916,2022,Kazakhstan,11
2917,2022,Kuwait,0
2918,2022,Latvia,1
2919,2022,Lebanon,0
2920,2022,Lithuania,4
2921,2022,Luxembourg,1
2922,2022,Malaysia,0
2923,2022,Mauritius,3
2924,2022,Mexico,9
2925,2022,Mongolia,1
2926,2022,Nepal,0
2927,2022,Netherlands,7
2928,2022,New Zealand,9
2929,2022,Nigeria,0
2930,2022,Norway,9
2931,2022,Pakistan,0
2932,2022,Peru,1
2933,2022,Philippines,0
2934,2022,Poland,12
2935,2022,Portugal,0
2936,2022,Puerto Rico,1
2937,2022,Republic of Korea,40
2938,2022,Romania,0
2939,2022,Russia,0
2940,2022,Saudi Arabia,0
2941,2022,Serbia,3
2942,2022,Singapore,5
2943,2022,Slovakia,3
2944,2022,Slovenia,20
2945,2022,South Africa,7
2946,2022,Spain,13
2947,2022,Sweden,4
2948,2022,Switzerland,22
2949,2022,Taiwan,3
2950,2022,Thailand,1
2951,2022,The former Yugoslav Republic of Macedonia,0
2952,2022,Turkey,0
2953,2022,Ukraine,15
2954,2022,United Kingdom,27
2955,2022,United States of America,49
2956,2022,Uzbekistan,0
2957,2022,Venezuela (Bolivarian Republic of),0
2958,2023,Andorra,0
2959,2023,Argentina,7
2960,2023,Australia,15
2961,2023,Austria,30
2962,2023,Azerbaijan,0
2963,2023,Belarus,0
2964,2023,Belgium,8
2965,2023,Botswana,0
2966,2023,Brazil,10
2967,2023,Brunei Darussalam,0
2968,2023,Bulgaria,3
2969,2023,Cambodia,2
2970,2023,Canada,18
2971,2023,Chile,12
2972,2023,China,34
2973,2023,"China, Hong Kong Special Administrative Region",7
2974,2023,"China, Macao Special Administrative Region",1
2975,2023,Colombia,0
2976,2023,Costa Rica,0
2977,2023,Croatia,1
2978,2023,Cyprus,0
2979,2023,Czechia,14
2980,2023,Denmark,2
2981,2023,Ecuador,6
2982,2023,El Salvador,2
2983,2023,Estonia,0
2984,2023,Finland,6
2985,2023,France,46
2986,2023,Georgia,2
2987,2023,Germany,27
2988,2023,Greece,6
2989,2023,Guam,0
2990,2023,Guatemala,0
2991,2023,Honduras,2
2992,2023,Hungary,1
2993,2023,Iceland,3
2994,2023,India,11
2995,2023,Indonesia,25
2996,2023,Iran (Islamic Republic of),10
2997,2023,Iraq,0
2998,2023,Ireland,3
2999,2023,Israel,12
3000,2023,Italy,35
3001,2023,Japan,48
3002,2023,Jordan,0
3003,2023,Kazakhstan,13
3004,2023,Kuwait,0
3005,2023,Latvia,3
3006,2023,Lebanon,0
3007,2023,Lithuania,2
3008,2023,Luxembourg,1
3009,2023,Malaysia,1
3010,2023,Mauritius,0
3011,2023,Mexico,12
3012,2023,Mongolia,0
3013,2023,Nepal,0
3014,2023,Netherlands,3
3015,2023,New Zealand,7
3016,2023,Nigeria,0
3017,2023,Norway,6
3018,2023,Pakistan,3
3019,2023,Peru,2
3020,2023,Philippines,3
3021,2023,Poland,9
3022,2023,Portugal,2
3023,2023,Puerto Rico,2
3024,2023,Republic of Korea,37
3025,2023,Romania,1
3026,2023,Russia,0
3027,2023,Saudi Arabia,0
3028,2023,Serbia,2
3029,2023,Singapore,4
3030,2023,Slovakia,4
3031,2023,Slovenia,22
3032,2023,South Africa,7
3033,2023,Spain,11
3034,2023,Sweden,2
3035,2023,Switzerland,18
3036,2023,Taiwan,3
3037,2023,Thailand,3
3038,2023,The former Yugoslav Republic of Macedonia,4
3039,2023,Turkey,1
3040,2023,Ukraine,7
3041,2023,United Kingdom,18
3042,2023,United States of America,47
3043,2023,Uzbekistan,0
3044,2023,Venezuela (Bolivarian Republic of),4
3045,2024,Andorra,0
3046,2024,Argentina,1
3047,2024,Australia,10
3048,2024,Austria,32
3049,2024,Azerbaijan,0
3050,2024,Belarus,0
3051,2024,Belgium,9
3052,2024,Botswana,0
3053,2024,Brazil,8
3054,2024,Brunei Darussalam,0
3055,2024,Bulgaria,4
3056,2024,Cambodia,0
3057,2024,Canada,16
3058,2024,Chile,9
3059,2024,China,44
3060,2024,"China, Hong Kong Special Administrative Region",8
3061,2024,"China, Macao Special Administrative Region",5
3062,2024,Colombia,0
3063,2024,Costa Rica,0
3064,2024,Croatia,3
3065,2024,Cyprus,3
3066,2024,Czechia,11
3067,2024,Denmark,1
3068,2024,Ecuador,3
3069,2024,El Salvador,0
3070,2024,Estonia,0
3071,2024,Finland,5
3072,2024,France,48
3073,2024,Georgia,0
3074,2024,Germany,32
3075,2024,Greece,6
3076,2024,Guam,6
3077,2024,Guatemala,0
3078,2024,Honduras,0
3079,2024,Hungary,2
3080,2024,Iceland,3
3081,2024,India,7
3082,2024,Indonesia,16
3083,2024,Iran (Islamic Republic of),10
3084,2024,Iraq,0
3085,2024,Ireland,2
3086,2024,Israel,11
3087,2024,Italy,27
3088,2024,Japan,44
3089,2024,Jordan,0
3090,2024,Kazakhstan,12
3091,2024,Kuwait,1
3092,2024,Latvia,3
3093,2024,Lebanon,0
3094,2024,Lithuania,2
3095,2024,Luxembourg,1
3096,2024,Malaysia,5
3097,2024,Mauritius,0
3098,2024,Mexico,14
3099,2024,Mongolia,1
3100,2024,Nepal,0
3101,2024,Netherlands,5
3102,2024,New Zealand,6
3103,2024,Nigeria,1
3104,2024,Norway,6
3105,2024,Pakistan,0
3106,2024,Peru,4
3107,2024,Philippines,0
3108,2024,Poland,8
3109,2024,Portugal,0
3110,2024,Puerto Rico,1
3111,2024,Republic of Korea,41
3112,2024,Romania,6
3113,2024,Russia,0
3114,2024,Saudi Arabia,5
3115,2024,Serbia,1
3116,2024,Singapore,5
3117,2024,Slovakia,6
3118,2024,Slovenia,24
3119,2024,South Africa,10
3120,2024,Spain,9
3121,2024,Sweden,3
3122,2024,Switzerland,12
3123,2024,Taiwan,6
3124,2024,Thailand,5
3125,2024,The former Yugoslav Republic of Macedonia,0
3126,2024,Turkey,2
3127,2024,Ukraine,7
3128,2024,United Kingdom,17
3129,2024,United States of America,50
3130,2024,Uzbekistan,0
3131,2024,Venezuela (Bolivarian Republic of),0
3132,2025,Andorra,0
3133,2025,Argentina,0
3134,2025,Australia,4
3135,2025,Austria,12
3136,2025,Azerbaijan,0
3137,2025,Belarus,0
3138,2025,Belgium,5
3139,2025,Botswana,0
3140,2025,Brazil,2
3141,2025,Brunei Darussalam,0
3142,2025,Bulgaria,1
3143,2025,Cambodia,0
3144,2025,Canada,11
3145,2025,Chile,1
3146,2025,China,39
3147,2025,"China, Hong Kong Special Administrative Region",6
3148,2025,"China, Macao Special Administrative Region",3
3149,2025,Colombia,0
3150,2025,Costa Rica,0
3151,2025,Croatia,0
3152,2025,Cyprus,0
3153,2025,Czechia,6
3154,2025,Denmark,0
3155,2025,Ecuador,0
3156,2025,El Salvador,0
3157,2025,Estonia,0
3158,2025,Finland,0
3159,2025,France,15
3160,2025,Georgia,0
3161,2025,Germany,22
3162,2025,Greece,0
3163,2025,Guam,0
3164,2025,Guatemala,0
3165,2025,Honduras,0
3166,2025,Hungary,0
3167,2025,Iceland,0
3168,2025,India,3
3169,2025,Indonesia,31
3170,2025,Iran (Islamic Republic of),2
3171,2025,Iraq,0
3172,2025,Ireland,0
3173,2025,Israel,4
3174,2025,Italy,21
3175,2025,Japan,27
3176,2025,Jordan,0
3177,2025,Kazakhstan,9
3178,2025,Kuwait,1
3179,2025,Latvia,1
3180,2025,Lebanon,0
3181,2025,Lithuania,0
3182,2025,Luxembourg,0
3183,2025,Malaysia,3
3184,2025,Mauritius,0
3185,2025,Mexico,0
3186,2025,Mongolia,0
3187,2025,Nepal,0
3188,2025,Netherlands,1
3189,2025,New Zealand,3
3190,2025,Nigeria,0
3191,2025,Norway,1
3192,2025,Pakistan,0
3193,2025,Peru,0
3194,2025,Philippines,0
3195,2025,Poland,6
3196,2025,Portugal,0
3197,2025,Puerto Rico,0
3198,2025,Republic of Korea,23
3199,2025,Romania,2
3200,2025,Russia,0
3201,2025,Saudi Arabia,4
3202,2025,Serbia,0
3203,2025,Singapore,8
3204,2025,Slovakia,1
3205,2025,Slovenia,9
3206,2025,South Africa,3
3207,2025,Spain,3
3208,2025,Sweden,0
3209,2025,Switzerland,5
3210,2025,Taiwan,5
3211,2025,Thailand,4
3212,2025,The former Yugoslav Republic of Macedonia,0
3213,2025,Turkey,2
3214,2025,Ukraine,5
3215,2025,United Kingdom,10
3216,2025,United States of America,26
3217,2025,Uzbekistan,0
3218,2025,Venezuela (Bolivarian Republic of),0
